ID,Language_ID,Headword,Part_Of_Speech,1st_Person_Singular,2nd_Person_Singular,3rd_Person_Dual,3rd_Person_Singular,Dialectal_Variant,Encyclopedic_Information,Entry_IDs,Etymological_Source,Etymology,Lexical_Citation_Form,Paradigm,Reduplicated_Form,Usage
a,Daakaka,a,dem,,,,,,,,,,,,,
a_1,Daakaka,a,gram,,,,,,,,,,,,,
a_2,Daakaka,a,intj,,,,,,,,,,,,,
aa,Daakaka,aa,poss.pron,,,,,,,,,,,,,
aa_1,Daakaka,aa,n,,,,,,,,,,,,,
-aa,Daakaka,-aa,poss.suf,,,,,,,,,,,,,
aa_ne_tes,Daakaka,aa ne tes,NA,,,,,,,,,,,,,
aatawa,Daakaka,aatawa,n,,,,,,,,,,,,,
aba,Daakaka,aba,n,,,,,,,,,,,,,
abwilyep_1,Daakaka,abwilyep,n,,,,,,,,,,,,,
abwilyep_2,Daakaka,abwilyep,adj2,,,,,,,,,,,,,
ada,Daakaka,ada,pron,,,,,,,,,,,,,
adaa,Daakaka,adaa,poss.pron,,,,,,,,,,,,,
adoprop,Daakaka,adoprop,n,,,,,,,,,,,,,
adu,Daakaka,adu,n,,,,,,,,,,,,,
ae,Daakaka,ae,n,,,,,,,,,,,,,
aelan,Daakaka,aelan,n,,,,,,,,Bislama,,,,,
akrep,Daakaka,akrep,n,,,,,,,,,,,,,
akuor,Daakaka,akuor,v.itr,,,,,,,,,,,,,
ale,Daakaka,ale,intj,,,,,,,,,,,,,
am,Daakaka,am,poss.pron,,,,,,,,,,,,,
am_1,Daakaka,am,n.rel.b,amuk,amum,,amun,,,,,,,u,,
-am,Daakaka,-am,poss.suf,,,,,,,,,,,,,
amaa,Daakaka,amaa,poss.pron,,,,,,,,,,,,,
amsi,Daakaka,amsi,poss.pron,,,,,,,,,,,,,
amu,Daakaka,amu,n.rel,,,,,,,,,,,,,
an,Daakaka,an,poss.pron,,,,,,,,,,,,,
an_1,Daakaka,an,gram,,,,,,,,,,,,,
an_2,Daakaka,an,gram,,,,,,,,,,,,,
an_3,Daakaka,an,gram,,,,,,,,,,,,,
-an,Daakaka,-an,poss.suf,,,,,,,,,,,,,
ane,Daakaka,ane,v.tr,,,,,,,,,,,,,
ane_1,Daakaka,ane,prep,,,,,,,,,,,,,
-ane,Daakaka,-ane,gram,,,,,,,-ne,,,,,,
animol,Daakaka,animol,n,,,,,,,,Bislama,,,,,
ansa,Daakaka,ansa,v,,,,,,,,Bislama,,,,,
ansi,Daakaka,ansi,pron,,,,,,,,,,,,,
anyemsi,Daakaka,anyemsi,poss.pron,,,,,,,,,,,,,
ao,Daakaka,ao,intj,,,,,,,,,,,,,
aoa,Daakaka,aoa,n,,,,,,,,Bislama,,,,,
aot,Daakaka,aot,v,,,,,,,,Bislama,,,,,
ap,Daakaka,ap,n,,,,,,,,,,,,,
apas,Daakaka,apas,n,,,,,,,,,,,,,
LX000001,Daakaka,apyaló,n,,,,,,,,,,,1,,
LX000002,Daakaka,apyaló ten,n,,,,,,,LX000001,,,,,,
apyang,Daakaka,apyang,n,,,,,,,,,,,1,,
apyang_evin,Daakaka,apyang evin,n,,,,,,,apyang,,,,,,
apyang_yu,Daakaka,apyang yu,NA,,,,,,"When so. has attained a certain rank, the fire his food is prepared with is `taboo', which means that only men of equal rank can eat with him.",apyang,,,,,,
ar,Daakaka,ar,n,,,,,,,,,,,,,
ar_1,Daakaka,ar,pron,,,,,,,,,,,,,
-ar,Daakaka,-ar,poss.suf,,,,,,,,,,,,,
as,Daakaka,as,n,,,,,,,,,,,,,
asi,Daakaka,asi,poss.pron,,,,,,,,,,,,,
ate,Daakaka,ate,v.tr,,,,,,,kyer,,,,,,
atuwo,Daakaka,atuwo,n,,,,,,,,,,,,,
atyo,Daakaka,atyo,n,,,,,,,,,,,1 ; 3,,
LX000003,Daakaka,atótes,n,,,,,,this plant is used as a rope for fixing thatch slabs onto bamboo poles on a roof,,,,,2,,
aua,Daakaka,aua,n,,,,,,,,,,,1,,
aup,Daakaka,aup,n,,,,,,,,,,,,,
ave,Daakaka,ave,n,,,,,,edible fruit with sweet white flesh and pink or red skin when ripe,,,,,,,
awes,Daakaka,awes,n,,,,,,,,,,,,,
aya,Daakaka,aya,poss.pron,,,,,,,,,,,,,
ayup,Daakaka,ayup,n,,,,,,,,,,,,,
b,Daakaka,b,n.rel.b,bok,bom,,bon,,,,,,,o,,
baa,Daakaka,baa,v,,,,,,,,,,,,,
baa_1,Daakaka,baa,n,,,,,,,,,,,,,
baakorkor,Daakaka,baakorkor,n,,,,,,,,,,,,,
baan,Daakaka,baan,n,,,,,,,baa,,,,,,
balip_1,Daakaka,balip,n,,,,,,,,,,,,,
balip_2,Daakaka,balip,adj2,,,,,,,,,,,,,
bamken,Daakaka,bamken,n,,,,,,,,Bislama,,,,,
banga,Daakaka,banga,v.itr,,,,,,,,,,,,,
bangbang,Daakaka,bangbang,v,,,,,,,,,,,,,
bangyap,Daakaka,bangyap,n,,,,,,,,,,,,,
bankyen,Daakaka,bankyen,n,,,,,,,,,,,3,,
bannar,Daakaka,bannar,n,,,,,,,,Bislama,,,,,
bao,Daakaka,bao,n,,,,,,,,,,,,,
bapan,Daakaka,bapan,n,,,,,,,,,,,,,
bapmoro,Daakaka,bapmoro,n,,,,,,,,,,,,,
bar_vyaa,Daakaka,bar vyaa,n.rel,,,,,,,,,,,,,
barar,Daakaka,barar,n,,,,,,,,,,,,,
barar_ten,Daakaka,barar ten,NA,,,,,,,barar,,,,,,
LX000004,Daakaka,barar téér,adj,,,,,,,,,,,,,
LX000005,Daakaka,baravyapmyató,n,,,,,,,,,,,,,
barbatin,Daakaka,barbatin,n,,,,,,,,,,,,,
barokor,Daakaka,barokor,n,,,,,,,,,,,,,
barvinye,Daakaka,barvinye,n,,,,,,,,,,,1,,
baryevikye,Daakaka,baryevikye,n,,,,,,,,,,,,,
bas-,Daakaka,bas-,n.rel.b,basuk,basom,,,,,,,,bason,o,,
basis,Daakaka,basis,n,,,,,,,,Bislama,,,,,
basmir,Daakaka,basmir,n,,,,,,,,,,,,,
LX000006,Daakaka,baséé,n,,,,,,,,,,,3,,
bat,Daakaka,bat,n.rel.b,betuk,batom,,,,,,,,baten,e,,
baten_temyar,Daakaka,baten temyar,NA,,,,,,,bat,,,,,,
batever,Daakaka,batever,n,,,,,,,,from French 'petits verts',,,,,
LX000007,Daakaka,bató,n,,,,,,,,,,,1,,
-be,Daakaka,-be,qu,,,,,,,ve,,,,,,
bee_1,Daakaka,bee,n,,,,,,,,,,,,,
bee_2,Daakaka,bee,v,,,,,,,,,,,,,
bees,Daakaka,bees,n,,,,,,,,,,,,,
beke,Daakaka,beke,n.rel,,,,,,,,,,,,,
bel,Daakaka,bel,n,,,,,,,,,,bel apyang,,,
beleebung,Daakaka,beleebung,n,,,,,,used for making tattoos,,,,,,,
beleem,Daakaka,beleem,n,,,,,,,,,bwili em,,2,,
belik,Daakaka,belik,aux,,,,,,,,,,,,,
belisokop,Daakaka,belisokop,n,,,,,,,,,,,1,,
belor,Daakaka,belor,n,,,,,,,,,,,,,
LX000008,Daakaka,bengaó,n,,,,,,,,,,,,,
bepane,Daakaka,bepane,n.rel,,,,,,"the place where a leaf diverges from the stem of a plant such as taro or banana, and where it can easily be torn off",,,,,,,
beti,Daakaka,beti,v,,,,,,,,,,,,,
betivyo,Daakaka,betivyo,n,,,,,,a shrublike plant the leaves of which are cooked until soft and eaten,,,,,3,,
bevyap,Daakaka,bevyap,v,,,,,,,,,,,,,
bewuon,Daakaka,bewuon,n,,,,,,,,,,,,,
bi-,Daakaka,bi-,n.rel.b,bik,byem,,byen,,,,,,,,,
bii,Daakaka,bii,v.itr,,,,,,,,,,,,,
bii_1,Daakaka,bii,n,,,,,,,,,,,,,
biite,Daakaka,biite,v.tr,,,,,,,,,,,,,
bili,Daakaka,bili,n.rel,,,,,,,yaa,,,,,,
bili_na,Daakaka,bili na,gram,,,,,,,,,,,,,
LX000009,Daakaka,bili sewe?,qu,,,,,,,nanges,,,,,,
bilip,Daakaka,bilip,n,,,,,,,,,,,,,
bilye,Daakaka,bilye,n,,,,,,,,,,,,,
bimesyu,Daakaka,bimesyu,n,,,,,,,,,,,3,,
bip,Daakaka,bip,n,,,,,,,,,,,,,
bip_mermer_1,Daakaka,bip mermer,n,,,,,,,,,,,,,
bip_mermer_2,Daakaka,bip mermer,v,,,,,,,,,,,,,
Bislama,Daakaka,Bislama,n,,,,,,,,,,,,,
bisop,Daakaka,bisop,n,,,,,,,,Bislama,,,,,
bistuwo_1,Daakaka,bistuwo,n,,,,,,,,,,,,,
bistuwo_2,Daakaka,bistuwo,adv,,,,,,,,,,,,,
bisya,Daakaka,bisya,n,,,,,,,,,,,,,
bitim,Daakaka,bitim,v.tr,,,,,,,,Bislama,,,,,
bity,Daakaka,bity,n.rel.b,bitik,bityem,,bityen,,,,,,bityen,i,,
bivian,Daakaka,bivian,n,,,,,,,,,,,1,,
bivian_se_merwowo,Daakaka,bivian se merwowo,NA,,,,,,,merwowo,,,,,,
bivili,Daakaka,bivili,v.tr,,,,,,,,,,,,,
biyep,Daakaka,biyep,n,,,,,,,,,,,,,
biyo,Daakaka,biyo,adj2,,,,,,,,,,,,,
blanket,Daakaka,blanket,n,,,,,,,,Bislama,,,,,
boa,Daakaka,boa,n,,,,,,,,,,,,,
bokosin,Daakaka,bokosin,n.rel,,,,,,,,,,,,,
bokosin_lye,Daakaka,bokosin lye,n,,,,,,,bokosin,,,,,,
bokosin_vyaa,Daakaka,bokosin vyaa,n,,,,,,,bokosin,,,,,,
bolip,Daakaka,bolip,n,,,,,,,,,,,3,,
boloor,Daakaka,boloor,n,,,,,,,,,,,2,,
bolor,Daakaka,bolor,n,,,,,,,,,,,,,
bon,Daakaka,bon,n,,,,,,,,,,,1,,
bong,Daakaka,bong,n,,,,,,,,,,bong ma erer,,,
bonit,Daakaka,bonit,n,,,,,,,,Bislama,,,,,
boo,Daakaka,boo,adj2,,,,,,,,,,,,,
booli,Daakaka,booli,n.rel,,,,,,,bon ; buluwu ; bwili,,,,,,
boot,Daakaka,boot,n,,,,,apyaló,,,Bislama,,,,,
bor_1,Daakaka,bor,n,,,,,,,,,,,,,
bor_2,Daakaka,bor,v,,,,,,,,,,,,,
bor_bor_mirmir,Daakaka,bor bor mirmir,n,,,,,,,,,,,,,
borapyang,Daakaka,borapyang,n.rel,,,,,,,,,,,,,
borep,Daakaka,borep,n,,,,,,,ep,,,,,,
borsyuk,Daakaka,borsyuk,n,,,,,,,,,,,,,
borvi,Daakaka,borvi,n,,,,,,,,,,,,,
borwemedaa,Daakaka,borwemedaa,n,,,,,,,,,,,,,
bosi_1,Daakaka,bosi,n,,,,,,,,,,,4 ; 3,,
bosi_2,Daakaka,bosi,n.rel,,,,,,,,,,,,,
boss,Daakaka,boss,n,,,,,,,,Bislama,,,,,
bosu,Daakaka,bosu,n,,,,,,,,Bislama,,,,,
bot,Daakaka,bot,n,,,,,,,,Bislama,,,,,
botingis,Daakaka,botingis,n,,,,,,,,,,,,,
bototo,Daakaka,bototo,n,,,,,,,,,,,,,
bowa,Daakaka,bowa,n,,,,,,,,,,,,,
bowa_1,Daakaka,bowa,n,,,,,,,,,,,,,
bowop,Daakaka,bowop,n,,,,,,,,,,,,,
bowop_1,Daakaka,bowop,v,,,,,,,,,,,,,
bowop_sini_wemu,Daakaka,bowop sini wemu,n,,,,,,,,,,,,,
boyep,Daakaka,boyep,n,,,,,,,,,,,,,
braon,Daakaka,braon,adj2,,,,,,,,Bislama,,,,,
brongis,Daakaka,brongis,n,,,,,,,,,,,,,
bu,Daakaka,bu,n.rel.b,buk,buom,,,,,,,,buon,o,,
bu_1,Daakaka,bu,n.rel,,,,,,,,,,,,,
buk,Daakaka,buk,n,,,,,,,,Bislama,,,,,
buluk,Daakaka,buluk,n,,,,,,,,Bislama,,,,,
buluwu,Daakaka,buluwu,n,,,,,,,,,,,,,
bun,Daakaka,bun,v,,,,,,,,,,,,,
bun_1,Daakaka,bun,n.rel,,,,,,,,,,,,,
bun_2,Daakaka,bun,prep,,,,,,,,,,,,,
bun_lye,Daakaka,bun lye,n,,,,,,,bun,,,,,,
bun_myar,Daakaka,bun myar,n,,,,,,,,,,,,,
bun_vyaa,Daakaka,bun vyaa,n,,,,,,,bun,,,,,,
bunbun,Daakaka,bunbun,n,,,,,,,,,,,,,
bung_1,Daakaka,bung,n.rel.b,bunguk,bungum,,bungun,,,,,,bungun,u,,
bung_2,Daakaka,bung,n,,,,,,,,,,,,,
bung_miyaa,Daakaka,bung miyaa,n,,,,,,,,,,,,,
bungbung,Daakaka,bungbung,v,,,,,,,,,,,,,
bungbweetuwu,Daakaka,bungbweetuwu,n,,,,,,,,,,,,,
bungmerip,Daakaka,bungmerip,n,,,,,,,,,,,1,,
bungse,Daakaka,bungse,v.tr,,,,,,,,,,,,,
bunguo,Daakaka,bunguo,v,,,,,,,,,,,,,
bungus,Daakaka,bungus,v,,,,,,,,,,,,,
bunkyen,Daakaka,bunkyen,n,,,,,,,,,,,,,
buo,Daakaka,buo,n,,,,,,,,,,,3,,
buo_1,Daakaka,buo,v.itr,,,,,,,,,,,,buwuo,
buo_lisyu_1,Daakaka,buo lisyu,n,,,,,,,,,,,,,
buo_lisyu_2,Daakaka,buo lisyu,adj,,,,,,,,,,,,,
buo_ten,Daakaka,buo ten,n,,,,,,,,,,,,,
buonbuon,Daakaka,buonbuon,n,,,,,,,,,,,,,
buonip,Daakaka,buonip,n,,,,,,,,,,,,,
buoo,Daakaka,buoo,n,,,,,,,,,,,,,
buoo_ne_tes,Daakaka,buoo ne tes,n,,,,,,,,,,,,,
buorwur,Daakaka,buorwur,adj1,,,,,,,,,,,,,
bup,Daakaka,bup,v,,,,,,,,,,,,,
buperper,Daakaka,buperper,n,,,,,,,perper,,,,,,
bur,Daakaka,bur,adj2,,,,,,,,,,,,,
bura,Daakaka,bura,n,,,,,,,da,,,,4,,
bush,Daakaka,bush,n,,,,,,,,Bislama,,,,,
butantan,Daakaka,butantan,n,,,,,,,,,,,,,
buu,Daakaka,buu,n.rel,,,,,,,,,,,1,,
buu_1,Daakaka,buu,v,,,,,,,,,,,,,
bu-wuo,Daakaka,bu-wuo,v.itr,,,,,,,,,,,,,
bwe,Daakaka,bwe,tam,,,,,,,,,,,,,
bwe_1,Daakaka,bwe,n,,,,,,,,,,,,,
bweak,Daakaka,bweak,v,,,,,,,,,,,,,
bweang,Daakaka,bweang,n,,,,,,,,,,,,,
bwee,Daakaka,bwee,n.rel,,,,,,,,,,,2,,
bwee_bek,Daakaka,bwee bek,n,,,,,,,,,,,,,
bwee_ne_enan,Daakaka,bwee ne enan,n,,,,,,,,,,,,,
LX000010,Daakaka,bwee ne sóósóóan,n,,,,,,,,,,,,,
LX000011,Daakaka,bwee vini ó,n,,,,,,,,,,,,,
LX000012,Daakaka,bwee vini ó,n,,,,,,,,,,,,,
bwee_yas_5,Daakaka,bwee yas,n,,,,,,,,,,,,,
bweebwi,Daakaka,bweebwi,n,,,,,,,,,,,,,
bweedaeng,Daakaka,bweedaeng,n,,,,,,,,,,,,,
bweeliyep,Daakaka,bweeliyep,n,,,,,,,,,,,,,
bweeyaa,Daakaka,bweeyaa,n,,,,,,,,,,,,,
bwele,Daakaka,bwele,n,,,,,,,,,,,2,,
bwelem,Daakaka,bwelem,n,,,,,,,duwur,,,,,,
bwenges,Daakaka,bwenges,n.rel,,,,,,,,,,,,,
bwengi,Daakaka,bwengi,n,,,,,,,,,,,,,
bwengin,Daakaka,bwengin,n.rel,,,,,,,bwengi,,,,,,
bwengin_lye,Daakaka,bwengin lye,n.rel,,,,,,,bwengin ; bwengi,,,,,,
bwengin_vyaa,Daakaka,bwengin vyaa,n,,,,,,,bwengin ; bwengi,,,,,,
bwenu,Daakaka,bwenu,v.itr,,,,,,,,,,,,,
bwer,Daakaka,bwer,v,,,,,,,,,,,,,
bwet,Daakaka,bwet,tam,,,,,,,,,,,,,
bwetene,Daakaka,bwetene,v.tr,,,,,,,,,,,,,
bweti,Daakaka,bweti,n.rel,,,,,,,,,,,,,
bweti_kor,Daakaka,bweti kor,n,,,,,,,bweti ; bat,,,,,,
LX000013,Daakaka,bweti leevyó,n,,,,,,,,,,,,,
LX000014,Daakaka,bweti ten na ka...,adv,,,,,,,,,,,,,
bweti_vyor,Daakaka,bweti vyor,n,,,,,,,,,,,,,
bwii_1,Daakaka,bwii,n,,,,,,,,,,,,,
bwii_2,Daakaka,bwii,v,,,,,,,,,,,,,
bwii_3,Daakaka,bwii,adj2,,,,,,,,,,,,,
bwili,Daakaka,bwili,n.rel,,,,,,,buluwu ; bwili,,,,2,,
bwili_taten,Daakaka,bwili taten,n,,,,,,,,,,,,,
bwili_teenem,Daakaka,bwili teenem,n,,,,,,,,,,,,,
bwili_tes,Daakaka,bwili tes,n,,,,,,,,,,,,,
bwili_wye,Daakaka,bwili wye,n,,,,,,,,,,,,,
bwilin,Daakaka,bwilin,n.rel,,,,,,,,,,,,,
bwilin_p-,Daakaka,bwilin p-,n.rel.b,bwilin pok,bwilin pam,,bwilin pan,,,,,,,,,
bwilin_pwe,Daakaka,bwilin pwe,n.rel,,,,,,,pwe ; bwilin,,,,a,,
bwilin_syen,Daakaka,bwilin syen,n,,,,,,,,,,,,,
bwiline,Daakaka,bwiline,v,,,,,,,,,,,,,
bwilisyaane,Daakaka,bwilisyaane,v,,,,,,,,,,,,,
bwilya,Daakaka,bwilya,n,,,,,,,,,,,,,
bwilyo,Daakaka,bwilyo,n,,,,,,,,,,,,,
bwinyap,Daakaka,bwinyap,n,,,,,,"Behind the entrance of a kitchen hut, there is at first about one meter of uncovered, earthen floor, with a fireplace lined by stones. Behind, there is a low wooden platform which is covered by mats. This is where people sit down to eat.",,,,,2,,
bwis,Daakaka,bwis,v,,,,,,,,,,,,,
bwiti,Daakaka,bwiti,v.tr,,,,,,,,,,,,,
bwitir,Daakaka,bwitir,n,,,,,,,,,,,3,,
bwity,Daakaka,bwity,n.rel.b,bwitik,bwityem,,,,,,,,bwityen,i,,
bwiwikrum,Daakaka,bwiwikrum,v,,,,,,,,,,,,,
bwiwo,Daakaka,bwiwo,n,,,,,,,,,,,2,,
bwye,Daakaka,bwye,n,,,,,,,,,,,,,
bya,Daakaka,bya,v,,,,,,,,,,,,,
byaa,Daakaka,byaa,n,,,,,,,,,,,,,
byaek,Daakaka,byaek,n,,,,,,,,English,,,,,
byakvi,Daakaka,byakvi,n,,,,,,,,,,,,,
byar,Daakaka,byar,n,,,,,,,,,,,1,,
LX000015,Daakaka,byar ane ó,n,,,,,,,,,,,,,
byata,Daakaka,byata,n,,,,,,,,,,,,,
byavya,Daakaka,byavya,v,,,,,,,,,,,,,
byayup,Daakaka,byayup,n,,,,,,,,,,,,,
byun,Daakaka,byun,adv,,,,,,,,,,,,,
captain,Daakaka,captain,n,,,,,,,,Bislama,,,,,
catechiste,Daakaka,catechiste,n,,,,,,,,French,,,,,
cent,Daakaka,cent,num,,,,,,,,French,,,,,
Center,Daakaka,Center,n,,,,,,,,Bislama,,,,,
church,Daakaka,church,n,,,,,,,,Bislama,,,,,
clinic,Daakaka,clinic,n,,,,,,,,Bislama,,,,,
da,Daakaka,da,sbj.agr,,,,,,,,,,,,,
da_1,Daakaka,da,n,,,,,,,bura,,,,,,
da_2,Daakaka,da,n,,,,,,,,,,,,,
daa,Daakaka,daa,n,,,,,,,,,,,1,,
daa_1,Daakaka,daa,poss.pron,,,,,,,,,,,,,
daa_2,Daakaka,daa,v,,,,,,,,,,,,,
-daa,Daakaka,-daa,poss.suf,,,,,,,,,,,,,
Daakaka,Daakaka,Daakaka,n,,,,,,,daa,,,,,,
daakuon,Daakaka,daakuon,v,,,,,,,,,,,,,
daara,Daakaka,daara,v,,,,,,,,,,,,,
dael,Daakaka,dael,n,,,,,,,,,,,,,
dakap,Daakaka,dakap,aux,,,,,,,,,,,,,
dal,Daakaka,dal,n.rel.b,,,,,,,,,,,u,,
dal-,Daakaka,dal-,n.rel.b,deluk,dalum,,dalun,,,,,,,,,
dam,Daakaka,dam,v,,,,,,,,,,,,,
damdam,Daakaka,damdam,n,,,,,,,,,,,,,
damis,Daakaka,damis,v,,,,,,,,Bislama,,,,,
damo,Daakaka,damo,n,,,,,,,,,,,3,,
dangdang,Daakaka,dangdang,n,,,,,,,,,,,,,
dange,Daakaka,dange,v.tr,,,,,,,,,,,,,
dapkuwu,Daakaka,dapkuwu,v,,,,,,,,,,,,,
dedene,Daakaka,dedene,v,,,,,,,,,,,,,archaic
deli,Daakaka,deli,n.rel,,,,,,,,,,,3,,
deng,Daakaka,deng,v,,,,,,,,,,,,,
dep,Daakaka,dep,n,,,,,,,,,,,,,
dereli,Daakaka,dereli,n,,,,,,,,,,,,,
deskraebem,Daakaka,deskraebem,v,,,,,,,,Bislama,,,,,
dewa,Daakaka,dewa,v,,,,,,,,,,,,,
dewenep,Daakaka,dewenep,n,,,,,,,,,,,1,,
di,Daakaka,di,n.rel,,,,,,,,,,,,,
dimyane,Daakaka,dimyane,v,,,,,,,,,,,,,
dimye,Daakaka,dimye,v,,,,,,,,,,,,dirimye,
ding,Daakaka,ding,n,,,,,,,,,,,3,,
ding_tawaka,Daakaka,ding tawaka,n,,,,,,,ding,,,,,,
ding_taweka,Daakaka,ding taweka,n,,,,,,,,,,,,,
ding_ten,Daakaka,ding ten,n,,,,,,,,,,,,,
dingyen,Daakaka,dingyen,intj,,,,,,,,,,,,,
diprip,Daakaka,diprip,n,,,,,,the fern is cooked until soft; the soft leaves are then off the twigs and eaten.,,,,,3,,
dirimye,Daakaka,dirimye,v,,,,,,,,,,,,,
dis,Daakaka,dis,v,,,,,,,,,,,,,
dis_1,Daakaka,dis,v,,,,,,,,,,,,,
disi,Daakaka,disi,v,,,,,,,,,,,,,
disye,Daakaka,disye,n,,,,,,,,,,,,,
diwi,Daakaka,diwi,n,,,,,,,,,,,,,
diy,Daakaka,diy,n.rel.b,duluk,diyum,,diyun,,,,,,diyun,u,,
diyu,Daakaka,diyu,n.rel,,,,,,,,,,,,,
doame,Daakaka,doame,v,,,,,,,,,,,,,
dokinis,Daakaka,dokinis,v,,,,,,,,,,,,,
doko,Daakaka,doko,v,,,,,,,dokone,,,,,,
dokokuwu,Daakaka,dokokuwu,v.tr,,,,,,,,,,,,,
dokone,Daakaka,dokone,v.tr,,,,,,,doko,,,,,,
dokone_yes,Daakaka,dokone yes,v,,,,,,,,,,,,,
dokta_ane_ep,Daakaka,dokta ane ep,n,,,,,,,,,,,,,
dom,Daakaka,dom,n,,,,,,,,,,,3,,
doma,Daakaka,doma,adv,,,,,,,,,,,,,
domesi,Daakaka,domesi,v,,,,,,,,,,,,,
domo,Daakaka,domo,v,,,,,,,,,,,,,
doo,Daakaka,doo,tam,,,,,,,,,,,,,
doon,Daakaka,doon,res,,,,,,,,,,,,,
do-romo,Daakaka,do-romo,v,,,,,,,,,,,,,
dress,Daakaka,dress,n,,,,,,,,Bislama,,,,,
drong,Daakaka,drong,v,,,,,nena mwe lili,,,Bislama,,,,,
drowen,Daakaka,drowen,n,,,,,,,,,,,,,
du_1,Daakaka,du,v,,,,,,,,,,,,,
duan_myato,Daakaka,duan myato,n,,,,,,,,,,,,,
dulu,Daakaka,dulu,n.rel,,,,,,,,,,,,,
dum,Daakaka,dum,v,,,,,,,,,,,,,
dumdumleevyo,Daakaka,dumdumleevyo,n,,,,,,,,,,,,,
dumu,Daakaka,dumu,n.rel,,,,,,,,,,,,,
du-ru,Daakaka,du-ru,v,,,,,,,,,,,,,
duwur,Daakaka,duwur,n,,,,,,,,,,,,,
duwur_1,Daakaka,duwur,n,,,,,,,bwelem,,,,,,
dyanga,Daakaka,dyanga,v,,,,,,,,,,,,,
dyu,Daakaka,dyu,v.itr,,,,,,,dyune,,,,,,
dyun,Daakaka,dyun,v,,,,,,,,,,,,,
dyune,Daakaka,dyune,v.tr,,,,,,,,,,,,,
dyunga,Daakaka,dyunga,aux,,,,,,,,,,,,,
LX000016,Daakaka,dóroto,v,,,,,,,,,,,,,
LX000017,Daakaka,dówa,v,,,,,,,,,,,,,
LX000018,Daakaka,dówó,v,,,,,,,,,,,,,
LX000019,Daakaka,dóó,n,,,,,,,,,,,,,
LX000020,Daakaka,dóór,n,,,,,,,,,,,1,,
e,Daakaka,e,gram,,,,,,,,,,,,,
e_1,Daakaka,e,dem,,,,,,,,,,,,,
e_2,Daakaka,e,intj,,,,,,,,,,,,,
e-,Daakaka,e-,gram,,,,,,,,,,,,,
-e,Daakaka,-e,gram,,,,,,,,,,,,,
-e_2,Daakaka,-e,gram,,,,,,,,,,,,,
ebe,Daakaka,ebe,n,,,,,,,,,,,,,
ebe_1,Daakaka,ebe,n,,,,,,,,,,,,,
ebevyap,Daakaka,ebevyap,n,,,,,,,,,,,,,
ebivian,Daakaka,ebivian,n,,,,,,,,,,,,,
ebu,Daakaka,ebu,v,,,,,,,,,,,,,
ebya,Daakaka,ebya,n.rel.b,ebyauk,,,,,,,,,ebyaon,o ; 3,,
ebyalun_syen,Daakaka,ebyalun syen,n,,,,,,,,,,,,,
ebyaon_myar,Daakaka,ebyaon myar,n,,,,,,,,,,,,,
ebyate,Daakaka,ebyate,n,,,,,,,,,,,1,,
edi,Daakaka,edi,v,,,,,,"Used in Sesivi, but not in Emyutungan, alleged to come from Daa kikye for liye",,,,,,,
ee,Daakaka,ee,intj,,,,,,,,,,,,,
egigi,Daakaka,egigi,n,,,,,,,,,gili,,,,
eguokuo,Daakaka,eguokuo,n,,,,,,,,,gae,,,,
ekaakaa,Daakaka,ekaakaa,n,,,,,,,,,,,1,,
eki,Daakaka,eki,intj,,,,,,,,,,,,,
ekukuo,Daakaka,ekukuo,n,,,,,,,,,kuo,,,,
ekulum,Daakaka,ekulum,n,,,,,,,,,,,,,
ekuokuo,Daakaka,ekuokuo,n,,,,,,,,,,,,,
ekyen,Daakaka,ekyen,n,,,,,,,,,,,,,
eli,Daakaka,eli,v,,,,,,,kii,,,,,,
-eli,Daakaka,-eli,gram,,,,,,,,,,,,,
elingling,Daakaka,elingling,n,,,,,,,,,,,,,
em,Daakaka,em,n,,,,,,,,,,,,,
-em,Daakaka,-em,poss.suf,,,,,,,,,,,,,
em_yo,Daakaka,em yo,n,,,,,,,,,,,,,
emyadu,Daakaka,emyadu,n,,,,,,,,,,,,,
emyarmyar,Daakaka,emyarmyar,n,,,,,,,,,,,,,
en,Daakaka,en,v,,,,,,,,,,,,,
en_1,Daakaka,en,gram,,,,,,,,,,entak ; ente,,,
en-,Daakaka,en-,gram,,,,,,,,,,,,,
-en,Daakaka,-en,poss.suf,,,,,,,,,,,,,
ene,Daakaka,ene,dem,,,,,,,,,,,,,
enes,Daakaka,enes,n,,,,,,,,,,,,,
eng,Daakaka,eng,n,,,,,,,,,,,1,,
eng_buaa,Daakaka,eng buaa,NA,,,,,,,adu,,,,,,
enga,Daakaka,enga,v,,,,,,,,,,,,,
engdir,Daakaka,engdir,v,,,,,,,,,,,,,
engmiya,Daakaka,engmiya,n,,,,,,,,,,,,,
enke,Daakaka,enke,dem,,,,,,,,,,,,,
enma,Daakaka,enma,poss.pron,,,,,,,,,,,,,
enmya,Daakaka,enmya,v,,,,,,,,,,,,,
-ensi,Daakaka,-ensi,poss.suf,,,,,,,,,,,,,
enswaan,Daakaka,enswaan,n,,,,,,,,,,,,,
entupuosane,Daakaka,entupuosane,v.tr,,,,,,,-tupuosane,,,,,,
enyem,Daakaka,enyem,poss.pron,,,,,,,,,,,,,
ep,Daakaka,ep,n,,,,,,,,,,,,,
ep_1,Daakaka,ep,n,,,,,,,,,,,,,
epmir,Daakaka,epmir,n,,,,,,"literally, the name means `black teeth' and is apparently inspired by the black claws of the crab.",,,,,,,
epupuop,Daakaka,epupuop,n,,,,,,,,,,,,,
er,Daakaka,er,pron,,,,,,,,,,,,,
eria,Daakaka,eria,n,,,,,,,,Bislama,,,,,
LX000021,Daakaka,erér,adj1,,,,,,,,,,,,,
es,Daakaka,es,n,,,,,,,,,,,,,
ese,Daakaka,ese,n.rel,,,,,,,,,,esetye,,,
esi,Daakaka,esi,v.tr,,,,,,,,,,,,,
-esi,Daakaka,-esi,res,,,,,,,,,,,,,
esisilyap_ver,Daakaka,esisilyap ver,n,,,,,,,,,,,,,
esyapsyap_wetii,Daakaka,esyapsyap wetii,n,,,,,,,,,,,,,
esye,Daakaka,esye,n,,,,,,,,,,,,,
LX000022,Daakaka,etatakéé,n,,,,,,,,,,,2,,
etep,Daakaka,etep,n,,,,,,,,,,,,,
etep_man,Daakaka,etep man,n,,,,,,,,,,,,,
etep_vyaven,Daakaka,etep vyaven,n,,,,,,,,,,,,,
etes,Daakaka,etes,adv,,,,,,,,,,,,,
eteta,Daakaka,eteta,n,,,,,,,,,,,,,
etewes,Daakaka,etewes,n,,,,,,,,,,,1 ; 3,,
etumtum_wetii,Daakaka,etumtum wetii,n,,,,,,,,,,,,,
eveli_vyos,Daakaka,eveli vyos,n.rel,,,,,,,,,,,,,
even,Daakaka,even,adv,,,,,,,,Bislama,,,,,
LX000023,Daakaka,evevyó,n,,,,,,,,,,,,,
evis,Daakaka,evis,n,,,,,,,,,,,,,
evyung,Daakaka,evyung,n.rel,,,,,,,,,,,,,
ewe,Daakaka,ewe,intj,,,,,,,,,,,,,
ewelis,Daakaka,ewelis,n,,,,,,,,,,,,,
eweta,Daakaka,eweta,n,,,,,,,,,,,,,
ewewe,Daakaka,ewewe,n,,,,,,,,,,,,,
example,Daakaka,example,n,,,,,,,,Bislama,,,,,
ey,Daakaka,ey,intj,,,,,,,,,,,,,
eya,Daakaka,eya,n,,,,,,,,,,,,,
-eya,Daakaka,-eya,poss.suf,,,,,,,,,,,,,
eye,Daakaka,eye,n,,,,,,,,,,,3,,
eyungyungta,Daakaka,eyungyungta,n,,,,,,,,,,,,,
famili,Daakaka,famili,n,,,,,,,,Bislama,,,,,
fes,Daakaka,fes,adj,,,,,,,,Bislama,,,,,
fon,Daakaka,fon,n,,,,,,,,Bislama,,,,,
franem,Daakaka,franem,v,,,,,,,,Bislama,,,,,
futbol,Daakaka,futbol,n,,,,,,,,Bislama,,,,,
gaa,Daakaka,gaa,n,,,,,,,,,,,,,
gaakaa,Daakaka,gaakaa,n,,,,,,,,,,,,,
gaapus,Daakaka,gaapus,v,,,,,,,,,,,,,
gae,Daakaka,gae,v,,,,,,,,,,,,,
gakal,Daakaka,gakal,n.rel.b,gakalok,gakalom,,,,,,,,gakalon,o,,
gavman,Daakaka,gavman,n,,,,,,,,Bislama,,,,,
LX000024,Daakaka,gaó,adj1,,,,,,,,,,,,,
ge,Daakaka,ge,v,,,,,,,,,,,,,
gee,Daakaka,gee,n,,,,,,,,,,,,,
gee_1,Daakaka,gee,n.rel,,,,,,,,,,geetye,,,
gee_ne_tes,Daakaka,gee ne tes,n,,,,,,,gee,,,,,,
gee_virvir,Daakaka,gee virvir,adj,,,,,,,,,,,,,
gekean,Daakaka,gekean,v,,,,,,,,,,,,,
ge-ker,Daakaka,ge-ker,v,,,,,,,ger,,,,,,
ge-kerase,Daakaka,ge-kerase,v,,,,,,,,,,,,,
geliny-,Daakaka,geliny-,n.rel.b,gelinyok,gelinyam,,gelinyan,,,,,,,a,,
gelinya,Daakaka,gelinya,n,,,,,,,,,,,,,
gene,Daakaka,gene,v,,,,,,,,,,,,,
ger,Daakaka,ger,v,,,,,,,,,,,,,
gerase,Daakaka,gerase,v.tr,,,,,,,,,,,,,
geres,Daakaka,geres,v,,,,,,,,,,,,,
gevi,Daakaka,gevi,n.rel,,,,,,,,,,,,,
gi,Daakaka,gi,v,,,,,,,,,,,,,
gigivetu,Daakaka,gigivetu,n,,,,,,,,,,,,,
gigyen,Daakaka,gigyen,v,,,,,,,,,,,,,
gii,Daakaka,gii,v,,,,,,,,,,,,,
gikis,Daakaka,gikis,v,,,,,,,,,,,,,
gili_1,Daakaka,gili,v,,,,,,,,,,,,,
gili_2,Daakaka,gili,n.rel,,,,,,,,,,,,,
gily-,Daakaka,gily-,n.rel.b,,,,gilyen,,,,,,,,,
gilye,Daakaka,gilye,v,,,,,,,puos,,,,,,
gini,Daakaka,gini,n,,,,,,,,,,,,,
giri,Daakaka,giri,adj2,,,,,,,,,,,,,
gityuptyup,Daakaka,gityuptyup,v,,,,,,,,,,,,,
giye,Daakaka,giye,v,,,,,,,,,,,,,
go,Daakaka,go,v,,,,,,,,,,,,,
gohed,Daakaka,gohed,v,,,,,,,,Bislama,,,,,
goli,Daakaka,goli,v,,,,,,,,,,,,,
golibwilya,Daakaka,golibwilya,n,,,,,,,,,,,,,
golin_vyaa,Daakaka,golin vyaa,n.rel,,,,,,,gakal,,,,,,
gomu,Daakaka,gomu,v.tr,,,,,,,,,,,,,
gon,Daakaka,gon,v,,,,,,,,,,,,,
gote,Daakaka,gote,v,,,,,,,,,,,,,
goyor,Daakaka,goyor,n,,,,,,this kind does not bite,,,,,,,
grasopa,Daakaka,grasopa,n,,,,,,,,Bislama,,,,,
grip,Daakaka,grip,n,,,,,,,,,,,,,archaic
gu-kuone,Daakaka,gu-kuone,v,,,,,,,,,,,,,
gum,Daakaka,gum,v,,,,,,,gomu,,,gum-,,,
gumkate,Daakaka,gumkate,v.tr,,,,,,,gomu,,,,,,
gumtilya,Daakaka,gumtilya,v.tr,,,,,,,gomu,,,,,,
guo,Daakaka,guo,n,,,,,,,,,,,,,
guone,Daakaka,guone,v.tr,,,,,,,,,,,,,
gur,Daakaka,gur,n,,,,,,,,,,,,,
gurgur,Daakaka,gurgur,v,,,,,,,,,,,,,
guwuo,Daakaka,guwuo,v,,,,,,,,,,,,,
gyap,Daakaka,gyap,n,,,,,,,,,,,,,
gyes,Daakaka,gyes,v,,,,,,,,,,,,,
gyesan,Daakaka,gyesan,n,,,,,,,,,,,,,
gyestase,Daakaka,gyestase,v,,,,,,,,,,,,,
happen,Daakaka,happen,v.itr,,,,,,,,Bislama,,,,,
Health,Daakaka,Health,n,,,,,,,,English,,,,,
holi,Daakaka,holi,n,,,,,,,,Bislama,,,,,
i,Daakaka,i,gram,,,,,,,,,,,,,
-in,Daakaka,-in,poss.suf,,,,,,,,,,,,,
indipenten,Daakaka,indipenten,n,,,,,,,,Bislama,,,,,
ingyar,Daakaka,ingyar,n,,,,,,,,,,,,,
inte,Daakaka,inte,v,,,,,,,,,,,,,
interpreter,Daakaka,interpreter,n,,,,,,,,English,,,,,
irir,Daakaka,irir,n,,,,,,,,,,,,,
is_1,Daakaka,is,v,,,,,,,,,,,,,
is_2,Daakaka,is,n,,,,,,,,,,,1,,
Ist,Daakaka,Ist,n,,,,,,,,Bislama,,,,,
ivyo,Daakaka,ivyo,n,,,,,,"this term covers all kinds of leaves, including fern and young breadfruit leaves which are cooked until soft and eaten",,,,,,,
iyo,Daakaka,iyo,intj,,,,,,,,,,,,,
jenis,Daakaka,jenis,n,,,,,,,,Bislama,,,,,
jip,Daakaka,jip,n,,,,,,,,,,,,,
join,Daakaka,join,v,,,,,sewete,,,English,,,,,
joint,Daakaka,joint,n,,,,,,,,English,,,,,
ka,Daakaka,ka,sbj.agr,,,,,,,,,,,,,
ka_1,Daakaka,ka,v,,,,,,,,,,,,,
ka_2,Daakaka,ka,tam,,,,,,,,,,,,,
ka_4,Daakaka,ka,v,,,,,,,,,,,,,
ka_5,Daakaka,ka,comp,,,,,,,,,,,,,
kaa,Daakaka,kaa,v.itr,,,,,,,,,,,,,
kaakaa,Daakaka,kaakaa,v,,,,,,,,,,,,,
kaakilye,Daakaka,kaakilye,v,,,,,,,,,,,,,
kaane,Daakaka,kaane,v.tr,,,,,,,,,,,,,
kaen,Daakaka,kaen,n,,,,,,,,Bislama,,,,,
kakapu,Daakaka,kakapu,v,,,,,,,,,,,,,
kala,Daakaka,kala,n,,,,,,,,Bislama,,,,,
kaleko,Daakaka,kaleko,n,,,,,,,,Bislama,,,,,
kama,Daakaka,kama,pron,,,,,,,,,,,,,
kamerane,Daakaka,kamerane,v,,,,,,,,,,,,,
kampas,Daakaka,kampas,n,,,,,,,,Bislama,,,,,
kamsi,Daakaka,kamsi,pron,,,,,,,,,,,,,
kana,Daakaka,kana,sbj.agr,,,,,,,,,,,,,
kantri,Daakaka,kantri,n,,,,,,,,Bislama,,,,,
kap,Daakaka,kap,n,,,,,,,,Bislama,,,,,
kapa,Daakaka,kapa,n,,,,,,,,English,,,,,
karong,Daakaka,karong,n,,,,,,,,Bislama,,,,,
kase,Daakaka,kase,v,,,,,,,,,,,,,
kasi,Daakaka,kasi,sbj.agr,,,,,,,,,,,,,
kastom,Daakaka,kastom,n,,,,,duan myato ; bapan ; saó,,,Bislama,,,,,
-kate,Daakaka,-kate,res,,,,,,,gumkate ; nyurkate ; piskate,,,,,,
katiwiye,Daakaka,katiwiye,v.tr,,,,,,,,,,,,,
kava,Daakaka,kava,n,,,,,,,,,,,,,
ke,Daakaka,ke,v,,,,,,,ge ; ki,,,,,,
ke_1,Daakaka,ke,dem,,,,,,,,,,,,,
kee,Daakaka,kee,n,,,,,,,,,,,,,
kekei,Daakaka,kekei,n,,,,,,,,,,,,,
kekei_1,Daakaka,kekei,adj1,,,,,,,,,,,,,
kekyer,Daakaka,kekyer,v,,,,,,,,,,,,,
kemyas,Daakaka,kemyas,contr.ptcl,,,,,,,,,,,,,
kenma,Daakaka,kenma,pron,,,,,,,,,,,,,
ker,Daakaka,ker,dem,,,,,,,,,,,,,
kesmya,Daakaka,kesmya,v,,,,,,,,,,,,,
kevene,Daakaka,kevene,q,,,,,,,,,,,,,
kevitye,Daakaka,kevitye,v.tr,,,,,,,,,,,,,
kevyar,Daakaka,kevyar,adj1,,,,,,,,,,,,,
kevyor,Daakaka,kevyor,n,,,,,,,,,,,,,
ki,Daakaka,ki,sbj.agr,,,,,,,,,,,,,
ki_1,Daakaka,ki,v,,,,,,,,,,,,,
kii,Daakaka,kii,v,,,,,,,,,,,,,
kikilipse,Daakaka,kikilipse,v.tr,,,,,,"tickling a child can be accompanied by the words `kikilip, kikilip'",,,,,,,
ki-kye,Daakaka,ki-kye,v,,,,,,,,,,,,,
ki-kyer,Daakaka,ki-kyer,v,,,,,,,,,,,,,
ki-kyu,Daakaka,ki-kyu,v.tr,,,,,,,,,,,,,
-kilye,Daakaka,-kilye,res,,,,,,,,,,,,,
kimim,Daakaka,kimim,pron,,,,,,,,,,,,,
kin,Daakaka,kin,v,,,,,,,,,,,,,
kin_1,Daakaka,kin,v,,,,,,,,,,,,,
kin_2,Daakaka,kin,v,,,,,,,,,,,,,
kin_myar,Daakaka,kin myar,v,,,,,,,,,,,,,
kinkate,Daakaka,kinkate,v.tr,,,,,,,,,,,,,
kinye,Daakaka,kinye,sbj.agr,,,,,,,,,,,,,
kinyem,Daakaka,kinyem,pron,,,,,,,,,,,,,
kinyemsi,Daakaka,kinyemsi,pron,,,,,,,,,,,,,
kis,Daakaka,kis,v,,,,,,,,,,,,,
kisane,Daakaka,kisane,v.tr,,,,,,,,,,,,,
kisi,Daakaka,kisi,sbj.agr,,,,,,,,,,,,,
kisim,Daakaka,kisim,v.itr,,,,,,,,,,,,,
kiskuwu,Daakaka,kiskuwu,v,,,,,,,,,,,,,
kiye,Daakaka,kiye,v,,,,,,,,,,,,,
kiyu,Daakaka,kiyu,v,,,,,,,,,,,,,
klas,Daakaka,klas,n,,,,,,,,Bislama,,,,,
klisan,Daakaka,klisan,n,,,,,,,,,,,,,
klos,Daakaka,klos,n,,,,,,,,Bislama,,,,,
klosis,Daakaka,klosis,n,,,,,,,,Bislama,,,,,
ko,Daakaka,ko,sbj.agr,,,,,,,,,,,,,
ko_1,Daakaka,ko,v,,,,,,,,,,,,,
ko_2,Daakaka,ko,v,,,,,,,,,,,,,
kodin_baten,Daakaka,kodin baten,n.rel.b,,,,,,,,,,,,,
kofi,Daakaka,kofi,n,,,,,,,,Bislama,,,,,
kolir,Daakaka,kolir,v.itr,,,,,,,,,,,,,
kona,Daakaka,kona,n,,,,,,,,Bislama,,,,,
kone,Daakaka,kone,v.tr,,,,,,,,,,,,,
konkone,Daakaka,konkone,v,,,,,,,,,,,,,
konset,Daakaka,konset,n,,,,,,,,Bislama,,,,,
koo,Daakaka,koo,v,,,,,,,,,,,,,
kop,Daakaka,kop,v,,,,,,,,,,,,,
kopini,Daakaka,kopini,v,,,,,,,pini,,,,,,
kopkop,Daakaka,kopkop,adj1,,,,,,,,,,,,,
kor,Daakaka,kor,n,,,,,,,,,,,,,
kor_yasyas,Daakaka,kor yasyas,n,,,,,,,,,,,,,
korkor,Daakaka,korkor,res,,,,,,,,,,,,,
korosol,Daakaka,korosol,n,,,,,,,,,,,,,
koruuruu,Daakaka,koruuruu,n,,,,,,,,,,,,,
kosyaane,Daakaka,kosyaane,v,,,,,,,,,,,,,
-kote,Daakaka,-kote,res,,,,,,,,,,,,,
kotutu,Daakaka,kotutu,v,,,,,,,,,,,,,
kranki,Daakaka,kranki,v,,,,,,,,Bislama,,,,,
krap,Daakaka,krap,n,,,,,,,,,,,,,
kuane,Daakaka,kuane,prep,,,,,,,,,,,,,
kueli,Daakaka,kueli,v.itr,,,,,,,,,,,,,
kuk,Daakaka,kuk,v,,,,,,,,,,,,,
kuku,Daakaka,kuku,v,,,,,,,,,,,,,
-kukuone,Daakaka,-kukuone,res,,,,,,,,,,,,,
ku-kyu,Daakaka,ku-kyu,v.tr,,,,,,,,,,,,,
kukyur,Daakaka,kukyur,n,,,,,,,,,,,,,
kuli_1,Daakaka,kuli,n,,,,,,,,,,,3,,
kuli_2,Daakaka,kuli,n.rel,,,,,,,,,,,,,
kuli_vyos,Daakaka,kuli vyos,n,,,,,,,,,,,,,
kuli_webir_ten,Daakaka,kuli webir ten,n,,,,,,,,,,,,,
kuli_yuk,Daakaka,kuli yuk,n,,,,,,,,,,,,,
kulin_lye,Daakaka,kulin lye,n,,,,,,,,,,,,,
kulin_lyen,Daakaka,kulin lyen,n.rel.b,,,,,,,,,,,,,
kulum,Daakaka,kulum,adj1,,,,,,,,,,,,,
kulye,Daakaka,kulye,v,,,,,,,,,,,,,
kunyur,Daakaka,kunyur,v,,,,,,,,,,,,,
kuo,Daakaka,kuo,v,,,,,,,,,,,,,
kuo_1,Daakaka,kuo,n,,,,,,,,,,,,,
kuokuo,Daakaka,kuokuo,v,,,,,,,,,,,,,
kuon,Daakaka,kuon,v,,,,,,,,,,,,,
kuon_1,Daakaka,kuon,adj1,,,,,,,,,,,,,
kuon_2,Daakaka,kuon,v,,,,,,,,,,,,,
kuone,Daakaka,kuone,v,,,,,,,,,,,,,
kuor_1,Daakaka,kuor,res,,,,,,,,,,,,,
kuor_2,Daakaka,kuor,adj,,,,,,,,,,,,,
kuowilye,Daakaka,kuowilye,v,,,,,,,,,,,,,
kup,Daakaka,kup,v.tr,,,,,,,,,,,,,
kupsyaane,Daakaka,kupsyaane,v,,,,,,,,,,,,,
kus,Daakaka,kus,n,,,,,,,,,,,,,
kus-,Daakaka,kus-,n.rel.b,kusuk,kosom,,koson,,,,,,,u,,
kus_liplip,Daakaka,kus liplip,n,,,,,,,,,,,,,
kuskus,Daakaka,kuskus,n,,,,,,,,,,,,,
kuu,Daakaka,kuu,v,,,,,,,,,,,,,
kuwo,Daakaka,kuwo,v,,,,,,,,,,,,,
-kuwu,Daakaka,-kuwu,res,,,,,,,,,,,,,
kyaate,Daakaka,kyaate,v,,,,,,,,,,,,,
kye,Daakaka,kye,v,,,,,,,,,,,,kikye,
kyen,Daakaka,kyen,adj1,,,,,,,,,,,,kikyen,
kyenkyen,Daakaka,kyenkyen,v,,,,,,,,,,,,,
kyep,Daakaka,kyep,v.itr,,,,,,,,,,,,,
kyer,Daakaka,kyer,v,,,,,,,,,,,,,
kyer_1,Daakaka,kyer,v.itr,,,,,,,,,,,,,
kyerkuwu,Daakaka,kyerkuwu,v.tr,,,,,,,,,,,,,
kyerkyer_yewowa,Daakaka,kyerkyer yewowa,n,,,,,,,,,,,,,
kyerkyermyanok,Daakaka,kyerkyermyanok,n,,,,,,,,,,,,,
kyermari,Daakaka,kyermari,v,,,,,,,,,,,,,
kyervi,Daakaka,kyervi,v,,,,,,,,,,,,,
kyes,Daakaka,kyes,adj1,,,,,,,,,,,,,
kyes_1,Daakaka,kyes,v,,,,,,,,,,kyeskyes,,,
kyesbung,Daakaka,kyesbung,n,,,,,,,,,,,,,
kyesmya,Daakaka,kyesmya,v,,,,,,,,,,,,,
kyu,Daakaka,kyu,v,,,,,,,,,,,,kukyu,
kyun,Daakaka,kyun,adv,,,,,,,,,,,,,
laa,Daakaka,laa,n,,,,,,,aa,,,,,,
laa_1,Daakaka,laa,n,,,,,,,aa,,,,,,
laae,Daakaka,laae,NA,,,,,,,ae,,,,,,
laae_1,Daakaka,laae,n,,,,,,,ae,,,,,,
laaro,Daakaka,laaro,n,,,,,,,aa,,,,,,
laaten,Daakaka,laaten,n,,,,,,,aa,,,,,,
laave,Daakaka,laave,NA,,,,,,,ave,,,,,,
laen,Daakaka,laen,n,,,,,,,,Bislama,,,,,
laet,Daakaka,laet,n,,,,,,,,Bislama,,,,,
lak,Daakaka,lak,n,,,,,,,,English,,,,,
laki,Daakaka,laki,n,,,,,,,,English,,,,,
laklak,Daakaka,laklak,n,,,,,,,,,,,,,
laman,Daakaka,laman,n,,,,,wemu kuonkuon,,,Bislama,,,,,
laplap_1,Daakaka,laplap,n,,,,,,,,,,,,,
laplap_2,Daakaka,laplap,v.itr,,,,,,,,,,,,,
lasup,Daakaka,lasup,n,,,,,,,,French,,,,,
laswan,Daakaka,laswan,adv,,,,,,,,Bislama,,,,,
le,Daakaka,le,v,,,,,,,,,,,,,
le-,Daakaka,le-,gram,,,,,,,,,,,,,
lean,Daakaka,lean,n,,,,,,,,,,,,,
lebekuu,Daakaka,lebekuu,n,,,,,,,,,,,,,
ledaa,Daakaka,ledaa,n,,,,,,flaoa blong hem i saen blong wok long karen,,,,,,,
ledera,Daakaka,ledera,n,,,,,,"Fren blong ledaa, frut blong hem i saen blong kakae long karen i redi blong harvest.",,,,,,,
lee,Daakaka,lee,n,,,,,,,,,,,2,,
lee_buowuo,Daakaka,lee buowuo,n,,,,,,,,,,,,,
lee_byavya,Daakaka,lee byavya,n,,,,,,,byavya,,,,,,
leevi,Daakaka,leevi,n,,,,,,,,,,,,,
LX000025,Daakaka,leevyó,n,,,,,,,,,,,1,,
lemap,Daakaka,lemap,n,,,,,,,map,,,,,,
lemase,Daakaka,lemase,n,,,,,,,mase,,,,,,
lemedaa,Daakaka,lemedaa,n,,,,,,,,,,,,,
lemuo,Daakaka,lemuo,n,,,,,,,,,,,,,
leplep,Daakaka,leplep,adj,,,,,,,,,,,,,
lesas,Daakaka,lesas,n,,,,,,,,,,,,,
letako,Daakaka,letako,n,,,,,,,tako,,,,,,
levene,Daakaka,levene,v,,,,,,,,,,,,,
LX000026,Daakaka,levenó,n,,,,,,,,,,,,,
levep,Daakaka,levep,n,,,,,,,vep,,,,,,
levyak,Daakaka,levyak,n,,,,,,Yang lif blong hem i saen blong kabij i gru gud.,,,,,,,
levyao,Daakaka,levyao,n,,,,,,,vyao,,,,,,
levyasvyas,Daakaka,levyasvyas,n,,,,,,,,,,,,,
levyuk,Daakaka,levyuk,n,,,,,,,,,,,,,
lewaa,Daakaka,lewaa,n,,,,,,,,,,,,,
lewedrame,Daakaka,lewedrame,n,,,,,,,wedrame,,,,,,
leweebwis,Daakaka,leweebwis,n,,,,,,,,,,,,,
leweka,Daakaka,leweka,n,,,,,,,weka,,,,,,
lewep_1,Daakaka,lewep,n,,,,,,,,,,,,,
lewep_2,Daakaka,lewep,n,,,,,,,wep,,,,,,
lewes,Daakaka,lewes,NA,,,,,,,wes,,,,,,
lewewedrame,Daakaka,lewewedrame,n,,,,,,,wedrame,,,,,,
lewewo,Daakaka,lewewo,n,,,,,,,,,,,,,
li-,Daakaka,li-,n,,,,,,,,,,,,,
libilip,Daakaka,libilip,n,,,,,,,bilip,,,,,,
libilye,Daakaka,libilye,n,,,,,,,,,,,,,
lii,Daakaka,lii,n,,,,,,,,,,,,,
lili,Daakaka,lili,v,,,,,,,,,,,,,
-lili,Daakaka,-lili,res,,,,,,,,,,,,,
lilisi,Daakaka,lilisi,n.rel,,,,,,,,,,,,,
liliwi,Daakaka,liliwi,n,,,,,,,,,,,,,
lim,Daakaka,lim,num,,,,,,,,,,,,,
limyaek,Daakaka,limyaek,n,,,,,,,,,,,,,
ling,Daakaka,ling,v,,,,,,,,,,,,,
ling_1,Daakaka,ling,v,,,,,,,,,,,,,
ling_daa,Daakaka,ling daa,v,,,,,,,,,,,,,
lingi,Daakaka,lingi,v,,,,,,,,,,,,,
lingkilye,Daakaka,lingkilye,v.tr,,,,,,,,,,,,,
lingkone,Daakaka,lingkone,v,,,,,,,,,,,,,
lingkowilyene,Daakaka,lingkowilyene,v,,,,,,,,,,,,,
lingsene,Daakaka,lingsene,v.tr,,,,,,,,,,,,,
lip,Daakaka,lip,v,,,,,,,,,,,,,
liplip,Daakaka,liplip,n,,,,,,,,,,,,,
lipti,Daakaka,lipti,n,,,,,,,,Bislama,,,,,
lipton,Daakaka,lipton,n,,,,,,,,Bislama,,,,,
lisepsep,Daakaka,lisepsep,n,,,,,,"in many custom stories, the adversary of the main characters is a lisepsep who is either sabotaging their efforts or, in the case of animals characters, trying to eat them.",,,,,,,
liskate,Daakaka,liskate,v,,,,,,,,,,,,,
lisye,Daakaka,lisye,n,,,,,,,,,,,,,
lisye_1,Daakaka,lisye,v,,,,,,,,,,,,,
livis,Daakaka,livis,n,,,,,,,,,,,,,
livis_1,Daakaka,livis,n,,,,,,,vis,,,,,,
livyer,Daakaka,livyer,n,,,,,,,,,,,,,
liyaa,Daakaka,liyaa,n,,,,,,,,,,,,,
liye,Daakaka,liye,v,,,,,,,tilya,,,,,,
liyep,Daakaka,liyep,n,,,,,,,,,,,,,
liyepkuwu,Daakaka,liyepkuwu,v,,,,,,,liye ; syo,,,,,,
liyes,Daakaka,liyes,v,,,,,,,,,,,,,
liyoo,Daakaka,liyoo,n,,,,,,,,,,,,,
lo-,Daakaka,lo-,gram,,,,,,,,,,,,,
lok,Daakaka,lok,n,,,,,,,yuk,,,,,,
loklok,Daakaka,loklok,n,,,,,,,,,,,,,
lokvyaru,Daakaka,lokvyaru,n,,,,,,,,,,,,,
longlong,Daakaka,longlong,n,,,,,,,,,,,,,
looloo,Daakaka,looloo,adj1,,,,,,,,,,,,,
lopital,Daakaka,lopital,n,,,,,,,,French,,,,,
lowotop,Daakaka,lowotop,n,,,,,,,wotop,,,,,,
lu,Daakaka,lu,n,,,,,,,,,,,,,
lu_1,Daakaka,lu,v,,,,,,,,,,,,,
lu-,Daakaka,lu-,n,,,,,,,,,,,,,
luk,Daakaka,luk,v,,,,,,,,,,,,,
lukluk,Daakaka,lukluk,v,,,,,,,,,,,,,
lulu,Daakaka,lulu,v,,,,,,,,,,,,,
lum,Daakaka,lum,n,,,,,,,,,,,,,
lumane,Daakaka,lumane,v.tr,,,,,,,,,,,,,
lung,Daakaka,lung,v,,,,,,,lungu,,,,,,
lungu,Daakaka,lungu,v,,,,,,,,,,,,,
luu,Daakaka,luu,n.rel,,,,,,,,,,,,,
luue,Daakaka,luue,n,,,,,,,,,,,,,
luw,Daakaka,luw,n.rel.b,luwuk,luwum,,,,,ep,,,luwun,u,,
luwa,Daakaka,luwa,v,,,,,,,,,,,,,
luwu,Daakaka,luwu,v,,,,,,,,,,,,,
luwu_1,Daakaka,luwu,n.rel,,,,,,,,,,,,,
luwuo,Daakaka,luwuo,v,,,,,,,,,,,,,
ly,Daakaka,ly,n.rel,,,,,,,,,,,,,
ly-,Daakaka,ly-,n.rel.b,lik,lyem,,,,,,,,,,,
lye,Daakaka,lye,n.rel,,,,,,,,,,,,,
lye_1,Daakaka,lye,v,,,,,,,,,,,,,
lyep,Daakaka,lyep,v,,,,,,,,,,,,,
lyoo,Daakaka,lyoo,v,,,,,,,,,,,,,
lyung,Daakaka,lyung,v,,,,,,,,,,,,,
LX000027,Daakaka,lyunglyung tóór,v,,,,,,,LX000076,,,,,,
LX000028,Daakaka,ló,num,,,,,,,,,,,,,
LX000029,Daakaka,ló-,gram,,,,,,,,,,,,,
LX000030,Daakaka,lókoo,n,,,,,,,,,,,,,
LX000031,Daakaka,lówó,n,,,,,,,,,,,,,
LX000032,Daakaka,lóó,n,,,,,,,LX000094,,,,,,
m-,Daakaka,m-,gram,,,,,,,,,,,,,
-m,Daakaka,-m,tam,,,,,,,,,,,,,
ma,Daakaka,ma,tam,,,,,,,,,,,,,
maa_1,Daakaka,maa,n,,,,,,,,,,,,,
maa_2,Daakaka,maa,v.tr,,,,,,,,,,,,,
maawane,Daakaka,maawane,v,,,,,,,,,,,,,
mad,Daakaka,mad,n.rel.b,meduk,madum,,,,,,,,madun,u,,
mae,Daakaka,mae,n,,,,,,,,,,,,,
maga,Daakaka,maga,adj1,,,,,,,,,,,,,
magic,Daakaka,magic,n,,,,,,,,Bislama,,,,,
maguru,Daakaka,maguru,n,,,,,,,,Bislama,,,,,
mais,Daakaka,mais,n,,,,,,,,,,,,,
mak,Daakaka,mak,n,,,,,,,,,,,,,
mal,Daakaka,mal,n,,,,,,,,,,,,,
LX000033,Daakaka,malelé,n,,,,,,,,,,,,,
mama,Daakaka,mama,n,,,,,,,,,,,,,
mamesi,Daakaka,mamesi,n,,,,,,,ding,,,,,,
man,Daakaka,man,adj2,,,,,,,,Bislama,,,,,
mango,Daakaka,mango,n,,,,,,,,Bislama,,,,,
mani,Daakaka,mani,n,,,,,,,,Bislama,,,,,
map,Daakaka,map,n,,,,,,,,,,,,,
map_1,Daakaka,map,v.itr,,,,,,,,,,,,,
-mar,Daakaka,-mar,res,,,,,,,,,,,,,
mariuana,Daakaka,mariuana,n,,,,,,,,Bislama,,,,,
marmar,Daakaka,marmar,v,,,,,,,,,,,,,
-marmar,Daakaka,-marmar,res,,,,,,,,,,,,,
mas,Daakaka,mas,aux,,,,,,,,,,,,,
mase,Daakaka,mase,n,,,,,,,,,,,,,
masta,Daakaka,masta,n,,,,,,,,,,,,,
maulumbeta,Daakaka,maulumbeta,n,,,,,,,,,,,,,
mayuk,Daakaka,mayuk,n,,,,,,,,,,,,,
me_1,Daakaka,me,v,,,,,,,,,,,,,
mea,Daakaka,mea,v,,,,,,,,,,,,,
meap,Daakaka,meap,n,,,,,,,,,,,,,
meas,Daakaka,meas,n,,,,,,,,,,,,,
meby-,Daakaka,meby-,n.rel.b,mebyuk,mebyum,,mebyun,,,,,,,,,
mebyu,Daakaka,mebyu,n,,,,,,,,,,,,,
mebyun_ebyate,Daakaka,mebyun ebyate,n,,,,,,,,,,,,,
mebyuneli,Daakaka,mebyuneli,n,,,,,,,,,,,,,
med,Daakaka,med,n.rel.b,,,,,,,,,,,,,
meda,Daakaka,meda,v,,,,,,,,,,,,,
medap,Daakaka,medap,v.itr,,,,,,,,,,,,,
medar,Daakaka,medar,v,,,,,,,,,,,,,
medical,Daakaka,medical,n,,,,,,,,English,,,,,
medir,Daakaka,medir,v,,,,,,,,,,,,,
medu,Daakaka,medu,n,,,,,,,mad,,,,,,
LX000034,Daakaka,medó,adj1,,,,,,,,,,,,,
meep,Daakaka,meep,v,,,,,,,,,,,,,
meerin,Daakaka,meerin,adv,,,,,,,,,,,,,
mees,Daakaka,mees,n,,,,,,,,,,,,,
mekis,Daakaka,mekis,v,,,,,,,,,,,,,
meleun,Daakaka,meleun,n,,,,,,,,,,,,,
melip,Daakaka,melip,v,,,,,,,,,,,,,
melipro,Daakaka,melipro,adj2,,,,,,,,,Dalkalaen: milipro `seven',,,,
melis,Daakaka,melis,v,,,,,,,,,,,,,
melomelo,Daakaka,melomelo,n,,,,,,,,,,,,,
melumlum,Daakaka,melumlum,adj1,,,,,,,,,,,,,
memelip,Daakaka,memelip,n,,,,,,,,,,,,,
memeo,Daakaka,memeo,v.tr,,,,,,,,,,,,,
memeop,Daakaka,memeop,v,,,,,,,,,,,,,
mena,Daakaka,mena,adj2,,,,,,,,,,,,,
menbuo,Daakaka,menbuo,n,,,,,,,,,,,,,
menok,Daakaka,menok,v,,,,,,,,,,,,,
menur,Daakaka,menur,n,,,,,,,,,,,1,,
meo,Daakaka,meo,n,,,,,,,,,,,,,
meomeo,Daakaka,meomeo,n,,,,,,,,,,,,,
meper,Daakaka,meper,num,,,,,,,,,,,,,
mer,Daakaka,mer,v,,,,,,,,,,,,,
merip,Daakaka,merip,n,,,,,,,,,,,,,
mermer,Daakaka,mermer,v,,,,,,,mer,,,,,,
mermeryaa,Daakaka,mermeryaa,n,,,,,,,,,,,,,
merwowo,Daakaka,merwowo,n,,,,,,,,,,,,,
mesaa,Daakaka,mesaa,adj1,,,,,,,,,,,,,
mesaa_1,Daakaka,mesaa,n,,,,,,,,,,,,,
mese,Daakaka,mese,v,,,,,,,,,,,,,
mesean,Daakaka,mesean,n,,,,,,,,,,,,,
mestem,Daakaka,mestem,v,,,,,kaakilye,,,Bislama,,,,,
mesu,Daakaka,mesu,v.itr,,,,,,,,,,,,,
mesu-,Daakaka,mesu-,n.rel.b,mesuk,mesum,,meson,,,,,,,u,,
mesus,Daakaka,mesus,n.rel,,,,,,,,,,,,,
mesuse,Daakaka,mesuse,v.tr,,,,,,,,,,,,,
mesusye,Daakaka,mesusye,v.tr,,,,,,,,,,,,,
mesyu,Daakaka,mesyu,n,,,,,,,,,,,1,,
mesyu_kaka,Daakaka,mesyu kaka,n,,,,,,,,,,,,,
mesyu_mermer,Daakaka,mesyu mermer,n,,,,,,,,,,,,,
met,Daakaka,met,n.rel.b,,,,,,,,,,,a,,
met-,Daakaka,met-,n.rel.b,metok,metam,,,,,,,,,,,
metas,Daakaka,metas,n,,,,,,,,,,,1,,
metavin,Daakaka,metavin,n,,,,,,,,,,,,,
metenir,Daakaka,metenir,n,,,,,,,,,,,,,
meteseli,Daakaka,meteseli,n,,,,,,,,,,,1,,
metetee,Daakaka,metetee,n,,,,,,,,,,,,,
metone,Daakaka,metone,prep,,,,,,,,,,,,,
metoo,Daakaka,metoo,n,,,,,,,,,,,,,
meu,Daakaka,meu,v,,,,,,,,,,,,,
meu_1,Daakaka,meu,adj,,,,,,,,,,,,,
meuan,Daakaka,meuan,n,,,,,,,,,,,,,
meulili,Daakaka,meulili,v,,,,,,,,,,,,,
meya,Daakaka,meya,adj,,,,,,,,,,,,,
mili,Daakaka,mili,n.rel,,,,,,,,,,,,,
milipsi,Daakaka,milipsi,num,,,,,,,,,,,,,
milipsyes,Daakaka,milipsyes,num,,,,,,,,,,,,,
milivyo,Daakaka,milivyo,num,,,,,,,,,,,,,
mily,Daakaka,mily,n.rel.b,,,,,,,,,,,i,,
mily-,Daakaka,mily-,n.rel.b,milik,milyem,,milyen,,,,,,,,,
milye,Daakaka,milye,adv,,,,,,,,,,,,,
mimilye,Daakaka,mimilye,adj1,,,,,,,,,,,,,
min_1,Daakaka,min,v,,,,,,,,,,,,,
min_2,Daakaka,min,n.rel.b,munukuli,minyemeli,,minyeneli,,,,,,minyeneli,,,
mini,Daakaka,mini,v,,,,,,,,,,,,,
minim,Daakaka,minim,v,,,,,tebólye ane,,,Bislama,,,,,
mining,Daakaka,mining,n,,,,,,,,Bislama,,,,,
miny,Daakaka,miny,n.rel.b,munukuli,minyemeli,,minyeneli,,,,,,minyeneli,"u, i",,
minyep,Daakaka,minyep,n,,,,,,,,,,,,,
minyes,Daakaka,minyes,adj1,,,,,,,,,,,,,
minyo,Daakaka,minyo,v,,,,,,,,,,,,,
mir,Daakaka,mir,adj1,,,,,,,,,,,,,
misen,Daakaka,misen,n,,,,,,,,Bislama,,,,,
misii,Daakaka,misii,adj,,,,,,,,,,,,,
misis,Daakaka,misis,n,,,,,,,,Bislama,,,,,
misy,Daakaka,misy,n.rel.b,misyuk,misyam,,,,,,,,misyan,a,,
misya,Daakaka,misya,n.rel,,,,,,,,,,,,,
misyu,Daakaka,misyu,n,,,,,,,,,,,1,,
mit,Daakaka,mit,n,,,,,,,,Bislama,,,,,
mitye,Daakaka,mitye,v,,,,,,,,,,,,,
miy-,Daakaka,miy-,n.rel.b,miyok,miyam,,miyan,,,,,,,a,,
miyaa,Daakaka,miyaa,v,,,,,,,,,,,,,
miye,Daakaka,miye,n.rel,,,,,,,,,,,,,
mmm,Daakaka,mmm,intj,,,,,,,,,,,,,
mo,Daakaka,mo,intj,,,,,,,,,,,,,
mo_1,Daakaka,mo,adv,,,,,,,,,,,,,
mo_2,Daakaka,mo,tam,,,,,,,,,,,,,
mobael,Daakaka,mobael,n,,,,,,,,Bislama,,,,,
mokote,Daakaka,mokote,v.tr,,,,,,,,,,,,,
moliline,Daakaka,moliline,v,,,,,,,,,,,,,
molis,Daakaka,molis,v,,,,,,,molisi,,,,,,
molisi,Daakaka,molisi,v,,,,,,,,,,,,,
momo,Daakaka,momo,adj1,,,,,,,,,,,,,
mon,Daakaka,mon,contr.ptcl,,,,,,,,,,,,,
moomoo,Daakaka,moomoo,n,,,,,,,,,,,,,
moore,Daakaka,moore,n,,,,,,,,,,,,,
moos,Daakaka,moos,v,,,,,,,,,,,,,
mop_1,Daakaka,mop,n,,,,,,,,,,,,,
mop_2,Daakaka,mop,v.itr,,,,,,,,,,,,,
moseaa,Daakaka,moseaa,v.tr,,,,,,,,,,,,,
motase,Daakaka,motase,v.tr,,,,,,,,,,,,,
motitiye,Daakaka,motitiye,v,,,,,,,,,,,,,
mowus,Daakaka,mowus,v,,,,,,,,,,,,,
mu_1,Daakaka,mu,n,,,,,,,,,,,,,
mu_2,Daakaka,mu,v,,,,,,,,,,,,,
mu_3,Daakaka,mu,tam,,,,,,,,,,,,,
mubuo,Daakaka,mubuo,n,,,,,,,,,,,,,
mur,Daakaka,mur,n,,,,,,,,,,,,,
mur_1,Daakaka,mur,v,,,,,,,,,,,,,
mursi,Daakaka,mursi,q,,,,,,,mur ; murswa,,,,,,
murswa,Daakaka,murswa,q,,,,,,,mur ; mursi,,,,,,
musik,Daakaka,musik,n,,,,,,,,Bislama,,,,,
mw-,Daakaka,mw-,tam,,,,,,,,,,,,,
mwe,Daakaka,mwe,tam,,,,,,,,,,,,,
mwede,Daakaka,mwede,qu,,,,,,,,,,,,,
mwei,Daakaka,mwei,adv,,,,,,,,,,,,,
mwelili,Daakaka,mwelili,adj1,,,,,,,,,,,,,
mwer,Daakaka,mwer,adj1,,,,,,,,,,,,,
mwes,Daakaka,mwes,res,,,,,,,,,,,,,
mwimwilye,Daakaka,mwimwilye,v,,,,,,,,,,,,,
mwisyen,Daakaka,mwisyen,v,,,,,,,,,,,,,
myaa,Daakaka,myaa,n,,,,,,,,,,,,,
myaa_1,Daakaka,myaa,n,,,,,,,,,,,,,
myadi,Daakaka,myadi,n.rel,,,,,,,,,,,,,
myaek_1,Daakaka,myaek,v,,,,,,,,,,,,,
myaek_2,Daakaka,myaek,n,,,,,,,limyaek,,,,,,
myaek_3,Daakaka,myaek,n,,,,,,,,,,,,,
myaer,Daakaka,myaer,n,,,,,,,,,,,,,
LX000035,Daakaka,myaer sema ó,n,,,,,,,,,,,,,
myage,Daakaka,myage,n,,,,,,,,,,,,,
myagom,Daakaka,myagom,n,,,,,,,,,,,,,
myali,Daakaka,myali,n,,,,,,,,,,,,,
myalyes,Daakaka,myalyes,n,,,,,,,,,,,,,
myan,Daakaka,myan,v,,,,,,,,,,,,,
myan_kikisi,Daakaka,myan kikisi,v,,,,,,,,,,,,,
myan_silye,Daakaka,myan silye,v.tr,,,,,,,,,,,,,
myane,Daakaka,myane,prep,,,,,,,,,,,,,
myanok,Daakaka,myanok,n,,,,,,,,,,,1,,
myanokep,Daakaka,myanokep,n,,,,,,,,,,,,,
myantung,Daakaka,myantung,n,,,,,,,,,,,,,
myaop,Daakaka,myaop,n,,,,,,,,,,,1,,
myaor,Daakaka,myaor,n,,,,,,,,,,,4,,
myap,Daakaka,myap,adj1,,,,,,,,,,,,,
myar_1,Daakaka,myar,v.itr,,,,,,,,,,,,,
myar_2,Daakaka,myar,v,,,,,,,,,,,,,
myar_3,Daakaka,myar,n,,,,,,,,,,,,,
myar_4,Daakaka,myar,res,,,,,,,,,,,,,
myar_5,Daakaka,myar,adj,,,,,,,,,,,,,
myar_6,Daakaka,myar,adj,,,,,,,,,,,,,
myar_bwii,Daakaka,myar bwii,n,,,,,,,,,,,,,
myar_bwii_1,Daakaka,myar bwii,n,,,,,,,,,,,,,
myar_sanga,Daakaka,myar sanga,n,,,,,,,,,,,,,
myarane,Daakaka,myarane,v.tr,,,,,,,,,,,,,
myas,Daakaka,myas,v,,,,,,,,,,,,,
LX000036,Daakaka,myató,adj1,,,,,,,,,,,,,
LX000037,Daakaka,myató,adj1,,,,,,,,,,,,,
myen,Daakaka,myen,v,,,,,,,,,,,,,
myoomyoo,Daakaka,myoomyoo,n,,,,,,,,,,,,,
myor,Daakaka,myor,v,,,,,,,,,,,,,
myoran,Daakaka,myoran,n,,,,,,,,,,,,,
n,Daakaka,n,n.rel.b,,,,,,,,,,,,,
n-,Daakaka,n-,tam,,,,,,,,,,,,,
-n,Daakaka,-n,tam,,,,,,,,,,,,,
na,Daakaka,na,tam,,,,,,,,,,,,,
na_1,Daakaka,na,sbj.agr,,,,,,,,,,,,,
na_2,Daakaka,na,gram,,,,,,,,,,,,,
naana,Daakaka,naana,n,,,,,,,,,,,,,
naarop,Daakaka,naarop,adv,,,,,,,,,,,,,
naim,Daakaka,naim,n,,,,,,,,,,,,,
nakamal,Daakaka,nakamal,n,,,,,,,,Bislama,,,,,
naknak,Daakaka,naknak,v,,,,,,,,,,,,,
namba,Daakaka,namba,n,,,,,,,,Bislama,,,,,
nanges,Daakaka,nanges,qu,,,,,,,,,,,,,
nasara,Daakaka,nasara,n,,,,,,,,Bislama,,,,,
nat,Daakaka,nat,n.rel.b,netuk,natom,,naten,,,,,,naten,e,,
nat-,Daakaka,nat-,n.rel.b,netuk,natom,,naten,,,,,,,,,
ne,Daakaka,ne,n.rel,,,,,,,,,,,,,
ne_1,Daakaka,ne,gram,,,,,,,,,,,,,
ne_2,Daakaka,ne,tam,,,,,,,,,,,,,
ne_3,Daakaka,ne,tam,,,,,,,,,,,,,
ne_4,Daakaka,ne,prep,,,,,,,,,,,,,
-ne,Daakaka,-ne,gram,,,,,,,,,,,,,
-ne_1,Daakaka,-ne,gram,,,,,,,,,,,,,
nek,Daakaka,nek,v,,,,,,,,,,,,,
nena,Daakaka,nena,n,,,,,,,,,,,,,
nenyu,Daakaka,nenyu,adv,,,,,,,,,,,,,
nep,Daakaka,nep,adj1,,,,,,,,,,,,,
nesye,Daakaka,nesye,n,,,,,,,,,,,,,
net,Daakaka,net,n.rel.b,,,,,,,nat,,,netuk,,,
neti,Daakaka,neti,n.rel,,,,,,,,,,,,,
netkaven,Daakaka,netkaven,n,,,,,,,,,,,,,archaic
ngaa,Daakaka,ngaa,v,,,,,,,,,,,,,
ngabak,Daakaka,ngabak,contr.ptcl,,,,,,,,,,,,,
ngabwe,Daakaka,ngabwe,contr.ptcl,,,,,,,,,,,,,
ngangais,Daakaka,ngangais,v,,,,,,,,,,,,,archaic
ngapngap,Daakaka,ngapngap,v,,,,,,,,,,,,,
ngase,Daakaka,ngase,v.tr,,,,,,,,,,,,,
nge,Daakaka,nge,NA,,,,,,,,,,,,,
nge_1,Daakaka,nge,pron,,,,,,,,,,,,,
ngebe,Daakaka,ngebe,qu,,,,,,,,,,,,,
ngir,Daakaka,ngir,n.tr,,,,,,,,,,,,,
ngivi,Daakaka,ngivi,v,,,,,,,,,,,,,
ngok,Daakaka,ngok,pron,,,,,,,,,,,,,
ngongo,Daakaka,ngongo,n,,,,,,,,,,ngongo vis,,,
ngu,Daakaka,ngu,v,,,,,,,,,,,,,
ngulye,Daakaka,ngulye,v,,,,,,,,,,,,,
ngunguo,Daakaka,ngunguo,adj1,,,,,,,,,,,,,
ngur,Daakaka,ngur,n,,,,,,,,,,,,,
nguwane,Daakaka,nguwane,v,,,,,,,,,,,,,
ngye,Daakaka,ngye,n,,,,,,,,,,,3,,
ni,Daakaka,ni,tam,,,,,,,,,,,,,
nidil,Daakaka,nidil,n,,,,,,,,Bislama,,,,,
nidim,Daakaka,nidim,v,,,,,,,,,,,,,
nii,Daakaka,nii,v.itr,,,,,,,,,,,,,
nil,Daakaka,nil,n,,,,,,,,Bislama,,,,,
nin_meuan,Daakaka,nin meuan,n,,,,,,,,,,,,,
nip,Daakaka,nip,n,,,,,,,,,,,,,
nip_1,Daakaka,nip,adj1,,,,,,,,,,,,,
nip_ane_tes,Daakaka,nip ane tes,n,,,,,,,,,,,,,
nirnir,Daakaka,nirnir,adj1,,,,,,,,,,,,,
nius,Daakaka,nius,n,,,,,,,,Bislama,,,,,
nok,Daakaka,nok,v,,,,,,,,,,,,,
nokis,Daakaka,nokis,q,,,,,,,,,,,,,
nor,Daakaka,nor,n,,,,,,,,,,,,,
nu,Daakaka,nu,tam,,,,,,,,,,,,,
nu_1,Daakaka,nu,tam,,,,,,,,,,,,,
nungse,Daakaka,nungse,v.tr,,,,,,,,,,,,,
ny-,Daakaka,ny-,n.rel,nuk,nyum,,,,,,,,,,,
ny-_1,Daakaka,ny-,n.rel.b,nyuk,nyam,,nyan,,,,,,,a,,
nya,Daakaka,nya,pron,,,,,,,,,,,,,
nye,Daakaka,nye,pron,,,,,,,,,,,,,
nye_1,Daakaka,nye,n.rel,,,,,,,,,,,,,
nyem,Daakaka,nyem,pron,,,,,,,,,,,,,
nyone,Daakaka,nyone,dem,,,,,,,,,,,,,
nyontak,Daakaka,nyontak,dem,,,,,,,,,,,,,
nyoo,Daakaka,nyoo,pron,,,,,,,,,,,,,
nyosi,Daakaka,nyosi,pron,,,,,,,,,,,,,
nyun,Daakaka,nyun,v.itr,,,,,,,,,,,,,
nyup,Daakaka,nyup,v,,,,,,,,,,,,,
nyur,Daakaka,nyur,v,,,,,,,,,,,,,
nyurkate,Daakaka,nyurkate,v.tr,,,,,,,,,,,,,
nyurkuowilye,Daakaka,nyurkuowilye,v.tr,,,,,,,,,,,,,
nyurnyuran,Daakaka,nyurnyuran,n,,,,,,,,,,,,,
nyurseane,Daakaka,nyurseane,v.tr,,,,,,,,,,,,,
nyursyone,Daakaka,nyursyone,v.tr,,,,,,,,,,,,,
LX000038,Daakaka,nó,n,,,,,,,,,,,1,,
o,Daakaka,o,intj,,,,,,,,,,,,,
o_1,Daakaka,o,gram,,,,,,,,Bislama,,,,,
ofis,Daakaka,ofis,n,,,,,,,,Bislama,,,,,
oi,Daakaka,oi,intj,,,,,,,,,,,,,
ok,Daakaka,ok,poss.pron,,,,,,,,,,,,,
ok_1,Daakaka,ok,intj,,,,,,,,Bislama,,,,,
-ok,Daakaka,-ok,poss.suf,,,,,,,,,,,,,
oko,Daakaka,oko,v,,,,,,"the movement this word refers to does not have to involve legs. It can equally apply to the flight of birds, the swimming of fish or the crawling of a snake",,,,,,,
oko_melipro,Daakaka,oko melipro,v,,,,,,,melipro,,,,,,
oko_yan,Daakaka,oko yan,v,,,,,,,,,,,,,
okomarmar,Daakaka,okomarmar,v.itr,,,,,,,,,,,,,
okote,Daakaka,okote,v,,,,,,,,,,,,,
Oktoba,Daakaka,Oktoba,n,,,,,,,,Bislama,,,,,
olfala,Daakaka,olfala,n,,,,,,,,Bislama,,,,,
oltaem,Daakaka,oltaem,adv,,,,,,,,Bislama,,,,,
om,Daakaka,om,n.rel.b,,,,,,,,,,,,,
-om,Daakaka,-om,poss.suf,,,,,,,,,,,,,
-omaa,Daakaka,-omaa,poss.suf,,,,,,,,,,,,,
ometi,Daakaka,ometi,n,,,,,,,,,,,,,
omim,Daakaka,omim,n.rel.b,,,,,,,,,,,,,
on,Daakaka,on,n.rel.b,,,,,,,,,,,,,
-on,Daakaka,-on,poss.suf,,,,,,,,,,,,,
ona,Daakaka,ona,v,,,,,,,,,,,,,
ongane,Daakaka,ongane,v,,,,,,,,,,,,,
onon,Daakaka,onon,n.rel.b,,,,,,,,,,,,,
onon-,Daakaka,onon-,n.rel.b,ononok,ononom,,ononon,,,,,,,o,,
onono,Daakaka,onono,n,,,,,,,,,,,,,
-oo,Daakaka,-oo,poss.suf,,,,,,,,,,,,,
ooa,Daakaka,ooa,intj,,,,,,,,,,,,,
op,Daakaka,op,n,,,,,,,,,,,1,,
or,Daakaka,or,n,,,,,,,,,,,1,,
ormwes,Daakaka,ormwes,n,,,,,,,,,,,,,
os,Daakaka,os,n,,,,,,,,Bislama,,,,,
osi,Daakaka,osi,n.rel.b,,,,,,,,,,,,,
-osi,Daakaka,-osi,poss.suf,,,,,,,,,,,,,
ospitel,Daakaka,ospitel,n,,,,,,,,Bislama,,,,,
ota,Daakaka,ota,v,,,,,,,,Bislama,,,,,
oya,Daakaka,oya,n.rel.b,,,,,,,,,,,,,
-p,Daakaka,-p,tam,,,,,,,,,,,,,
-p_1,Daakaka,-p,gram,,,,,,,,,,,,,
pa,Daakaka,pa,v,,,,,,,,,,,,,
paakuo,Daakaka,paakuo,v,,,,,,,,,,,,,
LX000039,Daakaka,padó,v,,,,,,,,,,,,,
paep,Daakaka,paep,n,,,,,,,,Bislama,,,,,
paeplaen,Daakaka,paeplaen,n,,,,,,,,Bislama,,,,,
pakuli,Daakaka,pakuli,v.tr,,,,,,,,,,,,,
pakuon,Daakaka,pakuon,v,,,,,,,,,,,,,
palis,Daakaka,palis,n,,,,,,,,,,,,,
palong,Daakaka,palong,v,,,,,,,,,,,,,
pan,Daakaka,pan,n,,,,,,,,,,,,,
pan_1,Daakaka,pan,adj2,,,,,,,,,,,,,
pan-,Daakaka,pan-,n.rel.b,pwenuk,panyum,,,,,,,,panyun,u,,
LX000040,Daakaka,panpadó,n,,,,,,,,,,,,,
papa,Daakaka,papa,n,,,,,,,,Bislama,,,,,
pas,Daakaka,pas,v,,,,,,,,,,,,,
pase,Daakaka,pase,n,,,,,,,,,,,,,
pasene,Daakaka,pasene,v.tr,,,,,,,,,,,,,
paskate,Daakaka,paskate,v,,,,,,,,,,,,,
paswa,Daakaka,paswa,v,,,,,,,,,,,,,
pat,Daakaka,pat,n,,,,,,,,Bislama,,,,,
pawpaw,Daakaka,pawpaw,n,,,,,,,,,,,,,
pedyu,Daakaka,pedyu,n.rel,peduk,,,pyadyun,,,,,,,u,,
peir,Daakaka,peir,v,,,,,,,,,,,,,
peirtase,Daakaka,peirtase,v.tr,,,,,,,,,,,,,
pelyen,Daakaka,pelyen,adv,,,,,,,,,,,,,
penin,Daakaka,penin,v,,,,,,,,,,,,,
penor,Daakaka,penor,v,,,,,,,,,,,,,
pensil,Daakaka,pensil,n,,,,,etitis,,,Bislama,,,,,
pepa,Daakaka,pepa,n,,,,,yesukuo ne tisan,,,Bislama,,,,,
pepelyen,Daakaka,pepelyen,adv,,,,,,,,,,,,,
pepya,Daakaka,pepya,v.tr,,,,,,,,,,,,,
pepyap,Daakaka,pepyap,v,,,,,,,,,,,,,
pe-pyen,Daakaka,pe-pyen,v,,,,,,,,,,,,,
pe-pyo,Daakaka,pe-pyo,adj,,,,,,,,,,,,,
pere,Daakaka,pere,n,,,,,,,,French,,,,,
perper,Daakaka,perper,adj,,,,,,,,,,,,,
perper_1,Daakaka,perper,v,,,,,,,,,,,,,
pesili,Daakaka,pesili,adv,,,,,,,,,,,,,
pesis,Daakaka,pesis,v,,,,,,,,,,,,,
pesum,Daakaka,pesum,v,,,,,,"It is considered rude to communicate verbally with so. who is in sighting distance but not close enough for speaking softly. In such situations, non-verbal sounds and gestures are used instead.",,,,,,,
LX000041,Daakaka,pesó,v.itr,,,,,,,,,,,,,
LX000042,Daakaka,pesóan,n,,,,,,,,,,,,,
peten,Daakaka,peten,v,,,,,,,,,,,,,
petenan,Daakaka,petenan,n,,,,,,,,,,,,,
petikot,Daakaka,petikot,n,,,,,,,,Bislama,,,,,
petye,Daakaka,petye,n,,,,,,,,,,,,,
piiane,Daakaka,piiane,v,,,,,,,,,,,,,
piipiitowane,Daakaka,piipiitowane,v,,,,,,,,,,,,,
pili,Daakaka,pili,adj1,,,,,,,,,,,,,
pilibung,Daakaka,pilibung,n,,,,,,,,,,,,,
pilo,Daakaka,pilo,n,,,,,,,,Bislama,,,,,
pin,Daakaka,pin,v.itr,,,,,,,,Bislama,,,,,
pini,Daakaka,pini,v.tr,,,,,,,,,,,,,
pipine,Daakaka,pipine,v,,,,,,,,,,,,,
pirpir,Daakaka,pirpir,adj,,,,,,,,,,,,,
pirseling,Daakaka,pirseling,v,,,,,,,,,,,,,
pis,Daakaka,pis,v,,,,,,,,,,,,,
pisi,Daakaka,pisi,v,,,,,,,,,,,,,
piskate,Daakaka,piskate,v.tr,,,,,,,,,,,,,
pisya_1,Daakaka,pisya,v.itr,,,,,,,,,,,,,
pisya_2,Daakaka,pisya,n,,,,,,,,,,,,,
pisyaa,Daakaka,pisyaa,v,,,,,,,,,,,,,
pisyane,Daakaka,pisyane,v.tr,,,,,,,,,,,,,
pisyenane,Daakaka,pisyenane,v.tr,,,,,,,,,,,,,
plantesen,Daakaka,plantesen,n,,,,,,,,Bislama,,,,,
ple,Daakaka,ple,v,,,,,,,,Bislama,,,,,
plen,Daakaka,plen,n,,,,,apyaló kaka,,,Bislama,,,,,
point,Daakaka,point,n,,,,,,,,Bislama,,,,,
poisenem,Daakaka,poisenem,v.tr,,,,,,,,Bislama,,,,,
poison,Daakaka,poison,n,,,,,,,,Bislama,,,,,
pol,Daakaka,pol,n,,,,,,,,,,,,,
polis,Daakaka,polis,n,,,,,,,,Bislama,,,,,
polo,Daakaka,polo,v,,,,,,,,,,,,,
pon,Daakaka,pon,v,,,,,,,,,,,,,
poo,Daakaka,poo,v,,,,,,,,,,,,,
popopane,Daakaka,popopane,v.tr,,,,,,,,,,,,,
pot,Daakaka,pot,n,,,,,,,,,,,,,
pour,Daakaka,pour,prep,,,,,,,,French,,,,,
power,Daakaka,power,n,,,,,yasan,,,Bislama,,,,,
pre,Daakaka,pre,v,,,,,,,,Bislama,,,,,
profet,Daakaka,profet,n,,,,,,,,Bislama,,,,,
pu,Daakaka,pu,v,,,,,,,,,,,,,
pukuo,Daakaka,pukuo,n,,,,,,,,,,,,,
puluk,Daakaka,puluk,v,,,,,,,,,,,,,
pulukte,Daakaka,pulukte,v.tr,,,,,,,,,,,,,
pun_1,Daakaka,pun,v,,,,,,,,,,,,,
pun_2,Daakaka,pun,n,,,,,,,,,,,,,
punan,Daakaka,punan,n,,,,,,,,,,,,,
punapyang,Daakaka,punapyang,adv,,,,,,,,,,,,,
pune,Daakaka,pune,v.tr,,,,,,,,,,,,,
punguo,Daakaka,punguo,v,,,,,,,,,,,,,
punguor,Daakaka,punguor,v,,,,,,,,,,,,,
punusili,Daakaka,punusili,v,,,,,,,,,,,,,
puo,Daakaka,puo,intj,,,,,,,,,,,,,
puo_1,Daakaka,puo,v,,,,,,,,,,,,,
puo_2,Daakaka,puo,n,,,,,,,,,,,,,
puon,Daakaka,puon,contr.ptcl,,,,,,,mon,,,,,,
puos,Daakaka,puos,v,,,,,,,,,,,,,
puosane,Daakaka,puosane,v.tr,,,,,,,,,,,,,
pupuop,Daakaka,pupuop,v,,,,,,,,,,,,,
puputawye,Daakaka,puputawye,adj1,,,,,,,,,,,,,
pupwer,Daakaka,pupwer,v,,,,,,,,,,,,,
pus,Daakaka,pus,n,,,,,,,,,,,,,
pusane,Daakaka,pusane,v,,,,,,,,,,,,,
puskat,Daakaka,puskat,n,,,,,,,,Bislama,,,,,
pwe,Daakaka,pwe,tam,,,,,,,,,,,,,
pwe_1,Daakaka,pwe,n.rel,,,,,,,,,,,,,
pweli,Daakaka,pweli,v,,,,,,,,,,,,,
pwengen,Daakaka,pwengen,v,,,,,,,,,,,,,
pwenges,Daakaka,pwenges,v,,,,,,,,,,,,,
pwer,Daakaka,pwer,v,,,,,,,,,,,,,
pwer_esi,Daakaka,pwer esi,v.tr,,,,,,,,,,,,,
pwer_myaek,Daakaka,pwer myaek,v.itr,,,,,,,,,,,,,
LX000043,Daakaka,pwer (yan),v.tr,,,,,,,,,,,,,
pwerlilye,Daakaka,pwerlilye,v,,,,,,,,,,,,,
pwesane,Daakaka,pwesane,v,,,,,,,,,,,,,
pwesane_1,Daakaka,pwesane,v.tr,,,,,,,,,,,,,
pwese,Daakaka,pwese,v,,,,,,,,,,,,,
pwesye,Daakaka,pwesye,n.rel,,,,,,,,,,,,,
pwis,Daakaka,pwis,v,,,,,,,,,,,,,
pwisyaa,Daakaka,pwisyaa,v,,,,,,,,,,,,,
pyaavep,Daakaka,pyaavep,adv,,,,,,"starting after lunch, about one o'clock and extending to shortly before bedtime, including the time for dinner at about six o'clock",,,,,1,,
pyadingi,Daakaka,pyadingi,v.tr,,,,,,,,,,,,,
pyady,Daakaka,pyady,n.rel,peduk,pyadyum,,pyadyun,,,,,,pyadyun,,,
pyak,Daakaka,pyak,res,,,,,,,,,,,,,
pyakane,Daakaka,pyakane,v,,,,,,,,,,,,,
pyakilye,Daakaka,pyakilye,res,,,,,,,,,,,,,
-pyakilye,Daakaka,-pyakilye,res,,,,,,,,,,,,,
pyalir,Daakaka,pyalir,v,,,,,,,,,,,,,
pyan_1,Daakaka,pyan,prep,,,,,,,,,,,,,
pyan_2,Daakaka,pyan,adv,,,,,,,,,,,,,
pyan_em,Daakaka,pyan em,adv,,,,,,,,,,,,,
pyane,Daakaka,pyane,v,,,,,,,penin,,,,,,
pyang,Daakaka,pyang,v,,,,,,,,,,,,,
pyaos,Daakaka,pyaos,v,,,,,,,,,,,,,
pyas,Daakaka,pyas,v.itr,,,,,,,,,,,,,
pyasane,Daakaka,pyasane,v.tr,,,,,,,,,,,,,
pyase,Daakaka,pyase,v,,,,,,,,,,,,,
pyen,Daakaka,pyen,v,,,,,,,,,,,,,
pyoo,Daakaka,pyoo,v,,,,,,,LX000045,,,,,,
pyos,Daakaka,pyos,v,,,,,,,,,,,,,
pyung,Daakaka,pyung,v,,,,,,,,,,,,,
LX000044,Daakaka,pyó,adj1,,,,,,,,,,,,,
ra,Daakaka,ra,sbj.agr,,,,,,,,,,,,,
raon,Daakaka,raon,n,,,,,kukyur,,,Bislama,,,,,
raonem,Daakaka,raonem,v,,,,,,,,,,,,,
rapa,Daakaka,rapa,n,,,,,,,,Bislama,,,,,
rikord,Daakaka,rikord,n,,,,,,,,Bislama,,,,,
ring,Daakaka,ring,v,,,,,,,,Bislama,,,,,
ringim,Daakaka,ringim,v.tr,,,,,,,,Bislama,,,,,
riprip,Daakaka,riprip,v,,,,,,,,,,,,,
riva,Daakaka,riva,n,,,,,wye kukuo,,,Bislama,,,,,
rolrol,Daakaka,rolrol,v,,,,,,,,Bislama,,,,,
ruuruu,Daakaka,ruuruu,v,,,,,,,,,,,,,
s-,Daakaka,s-,gram,,,,,,,,,,,,,
sa,Daakaka,sa,v,,,,,,,,,,,,,
sa_1,Daakaka,sa,gram,,,,,,,,,,,,,
saa,Daakaka,saa,v,,,,,,,,,,,,,
saa_1,Daakaka,saa,v,,,,,,,,,,,,,
saa_2,Daakaka,saa,v,,,,,,,,,,,,,
-saa,Daakaka,-saa,res,,,,,,,,,,,,,
saakap,Daakaka,saakap,v,,,,,,,,,,,,,
saakuokuo,Daakaka,saakuokuo,v,,,,,,,,,,,,,
saakuwu,Daakaka,saakuwu,v.tr,,,,,,,,,,,,,
saane,Daakaka,saane,v.tr,,,,,,,,,,,,,
saasaa,Daakaka,saasaa,v,,,,,,,,,,,,,
saasi,Daakaka,saasi,poss.pron,,,,,,,,,,,,,
sabmarin,Daakaka,sabmarin,n,,,,,,,,Bislama,,,,,
sadin,Daakaka,sadin,n,,,,,,,,Bislama,,,,,
saen,Daakaka,saen,n,,,,,,,,Bislama,,,,,
sailingship,Daakaka,sailingship,n,,,,,apyaló na ben an mwe pwer,,,Bislama,,,,,
saka,Daakaka,saka,tam,,,,,,,,,,,,,
sake,Daakaka,sake,v,,,,,,,,,,,,,
sakran,Daakaka,sakran,n,,,,,,,,,,,,,
sakvi,Daakaka,sakvi,v,,,,,,,,,,,,,
sam,Daakaka,sam,n,,,,,,,,,,,,,
samtaem,Daakaka,samtaem,adv,,,,,,,,Bislama,,,,,
sanga,Daakaka,sanga,v.itr,,,,,,,,,,,,,
sangane,Daakaka,sangane,v.tr,,,,,,,,,,,,,
sangvene,Daakaka,sangvene,v.tr,,,,,,,,,,,,,
saor,Daakaka,saor,v,,,,,,,,,,,,,
Saot,Daakaka,Saot,n,,,,,,,,Bislama,,,,,
sap,Daakaka,sap,v,,,,,,,,,,,,,
sapat,Daakaka,sapat,n,,,,,,,,Bislama,,,,,
sar,Daakaka,sar,poss.pron,,,,,,,,,,,,,
Sarere,Daakaka,Sarere,n,,,,,,,,Bislama,,,,,
save,Daakaka,save,v.itr,,,,,,,,,,,,,
save_1,Daakaka,save,v.tr,,,,,,,,,,,,,
savip,Daakaka,savip,v,,,,,,,,,,,,,
sawe,Daakaka,sawe,contr.ptcl,,,,,,,,,,,,,
sawur,Daakaka,sawur,v,,,,,,,,,,,,,
saye,Daakaka,saye,intj,,,,,,,,,,,,,
sayung,Daakaka,sayung,v,,,,,,,,,,,,,
LX000045,Daakaka,saó,n,,,,,,,,,,,,,
LX000046,Daakaka,saó lean,n,,,,,,,,,,,,,
LX000047,Daakaka,saó yu,n,,,,,,,,,,,,,
SDA,Daakaka,SDA,n,,,,,,,,,,,,,
se,Daakaka,se,v,,,,,,,,,,,,,
se_1,Daakaka,se,v,,,,,,,,,,sekuwu,,,
seaa,Daakaka,seaa,res,,,,,,,,,,,,,
seaa_1,Daakaka,seaa,v,,,,,,,,,,,,,
seaaten,Daakaka,seaaten,adv,,,,,,,,,,,,,
sear,Daakaka,sear,n,,,,,,,,,,,,,
secondaire,Daakaka,secondaire,n,,,,,,,,French,,,,,
sedaeng,Daakaka,sedaeng,v,,,,,,,,,,,,,archaic
sedisi,Daakaka,sedisi,v.tr,,,,,,,,,,,,,
see,Daakaka,see,n.rel,,,,,,,,,,,,,
seebwiyo,Daakaka,seebwiyo,n,,,,,,,,,,,,,
seepisya,Daakaka,seepisya,n,,,,,,,,,,,,,
seeyaane,Daakaka,seeyaane,v,,,,,,,,,,,,,
sek,Daakaka,sek,v,,,,,,,,,,,,,
seka,Daakaka,seka,v,,,,,,,,,,,,,
sekan,Daakaka,sekan,v,,,,,,,,Bislama,,,,,
sekate,Daakaka,sekate,v,,,,,,,,,,,,,
sekel,Daakaka,sekel,v,,,,,saane,,,Bislama,,,,,
sekup,Daakaka,sekup,v.itr,,,,,,,,,,,,,
sekupane,Daakaka,sekupane,v.tr,,,,,,,,,,,,,
sekur,Daakaka,sekur,v,,,,,,,,,,,,,
sekyu,Daakaka,sekyu,v.tr,,,,,,,,,,,,,
selen,Daakaka,selen,n,,,,,,,,Bislama,,,,,
seli,Daakaka,seli,n,,,,,,,,,,,,,
seling,Daakaka,seling,v,,,,,,,,,,,,,
sem,Daakaka,sem,adj,,,,,,,,Bislama,,,,,
sem_1,Daakaka,sem,v,,,,,,,,,,,,,
sema,Daakaka,sema,n.rel,,,,,,,,,,,,,
semyos,Daakaka,semyos,v,,,,,,,,,,,,,
sene,Daakaka,sene,v,,,,,,,,,,,,,
senga,Daakaka,senga,v,,,,,,,,,,sengane,,,
sengap,Daakaka,sengap,v.itr,,,,,,,,,,,,,
sengave,Daakaka,sengave,v.tr,,,,,,,sengap,,,,,,
sengdi,Daakaka,sengdi,v,,,,,,,,,,,,,
sengelis,Daakaka,sengelis,v,,,,,,,,,,,,,
sengep,Daakaka,sengep,v,,,,,,,,,,,,,
senur,Daakaka,senur,v,,,,,,,,,,,,,
sep,Daakaka,sep,v,,,,,,,,Bislama,,,,,
sep_1,Daakaka,sep,v,,,,,,,,,,,,,
sepisya,Daakaka,sepisya,n,,,,,,,,,,,,,
sepukuone,Daakaka,sepukuone,v,,,,,,,,,,,,,
sesa,Daakaka,sesa,v,,,,,,,,,,,,,
sesear,Daakaka,sesear,v,,,,,,,,,,,,,
sesisliline,Daakaka,sesisliline,v,,,,,,,,,,,,,
sesivi,Daakaka,sesivi,v,,,,,,,sivi,,,,,,
setiline,Daakaka,setiline,v,,,,,,,,,,,,,
setyup,Daakaka,setyup,v,,,,,,,,,,,,,
sewe,Daakaka,sewe,qu,,,,,,,,,,,,,
sewetase,Daakaka,sewetase,v,,,,,,,,,,,,,
sewetase_1,Daakaka,sewetase,v,,,,,,,,,,,,,
sewete,Daakaka,sewete,v,,,,,,,,,,,,,
si,Daakaka,si,qu,,,,,,,,,,,,,
si_2,Daakaka,si,sbj.agr,,,,,,,,,,,,,
sigaret,Daakaka,sigaret,n,,,,,,,,Bislama,,,,,
sii_1,Daakaka,sii,num,,,,,,,,,,,,,
sikya,Daakaka,sikya,v.tr,,,,,,,,,,,,,
sikya_yene,Daakaka,sikya yene,adv,,,,,,,,,,,,,
sikye,Daakaka,sikye,v,,,,,,,,,,,,,
sikyene,Daakaka,sikyene,v.tr,,,,,,,,,,,,,
silee,Daakaka,silee,n,,,,,,,,,,,,,
silee_ne_kyeskyesan,Daakaka,silee ne kyeskyesan,n,,,,,,,,,,,,,
silee_ne_tastasan,Daakaka,silee ne tastasan,n,,,,,,,,,,,,,
-siline,Daakaka,-siline,res,,,,,,,,,,,,,
silip,Daakaka,silip,v,,,,,,,,,,,,,
silir,Daakaka,silir,n,,,,,,,,,,,,,
silitoo,Daakaka,silitoo,n,,,,,,,,,,,,,
silya,Daakaka,silya,v,,,,,,,,,,,,,
silya_1,Daakaka,silya,v,,,,,,,,,,,,,
silye,Daakaka,silye,v,,,,,,,,,,,,,
silyoo,Daakaka,silyoo,n,,,,,,,,,,,,,
simap,Daakaka,simap,n,,,,,,,,,,,,,
simen,Daakaka,simen,n,,,,,,,,Bislama,,,,,
simop,Daakaka,simop,n,,,,,,,,,,,,,
simsimi,Daakaka,simsimi,v,,,,,,,,,,,,,
sine,Daakaka,sine,v,,,,,,,,,,,,,
sini,Daakaka,sini,n.rel,,,,,,,,,,,,,
sini_1,Daakaka,sini,n,,,,,,,,,,,,,
sini_kyenkyen,Daakaka,sini kyenkyen,n,,,,,,,,,,,,,
sinikoko,Daakaka,sinikoko,n,,,,,,,,,,,,,
sinisye,Daakaka,sinisye,n,,,,,,,,,,,,,
sinsinyo,Daakaka,sinsinyo,v.itr,,,,,,,,,,,,,
sinyo,Daakaka,sinyo,n,,,,,,,,,,,,,
sip,Daakaka,sip,n,,,,,,,,,,,2,,
sip_1,Daakaka,sip,v,,,,,,,,,,,,,
sipa,Daakaka,sipa,intj,,,,,,,,,,,,,
sirap,Daakaka,sirap,v,,,,,,,,,,,,,
sis,Daakaka,sis,v,,,,,,,,,,,,,
sis_1,Daakaka,sis,n,,,,,,,,,,,,,
sis_2,Daakaka,sis,n,,,,,,,,,,sisis,2,,
sisi,Daakaka,sisi,v,,,,,,,,,,,,,
sisiya,Daakaka,sisiya,v,,,,,,,,,,,,,
sista,Daakaka,sista,n,,,,,,,,Bislama,,,,,
siswowo,Daakaka,siswowo,n,,,,,,,,,,,,,
sisya,Daakaka,sisya,v,,,,,,,,,,,,,
sisye,Daakaka,sisye,n,,,,,,,,,,,,,
sitan,Daakaka,sitan,n,,,,,,,,,,,,,
sivi,Daakaka,sivi,n,,,,,,,,,,,,,
sivi_1,Daakaka,sivi,n,,,,,,,,,,,,,
sivi_2,Daakaka,sivi,v,,,,,,,,,,,,,
sivina,Daakaka,sivina,n,,,,,,,,,,,,,
sivya,Daakaka,sivya,v,,,,,,,,,,,,,
siwir,Daakaka,siwir,v,,,,,,,,,,,,,
siye,Daakaka,siye,qu,,,,,,,,,,,,,
siyoo,Daakaka,siyoo,v,,,,,,,,,,,,,
skul,Daakaka,skul,n,,,,,,,,Bislama,,,,,
smok,Daakaka,smok,v,,,,,,,,Bislama,,,,,
soa,Daakaka,soa,n,,,,,,,,Bislama,,,,,
soemap,Daakaka,soemap,v,,,,,,,,Bislama,,,,,
sol,Daakaka,sol,n,,,,,,,,Bislama,,,,,
soluu,Daakaka,soluu,v,,,,,,,molisi,,,,,,
songolom,Daakaka,songolom,v,,,,,,,,,,,,,
soo,Daakaka,soo,n,,,,,,,,,,,,,
sopsop,Daakaka,sopsop,v,,,,,,,,,,,,,
sori,Daakaka,sori,intj,,,,,ko motitiye nye,,,Bislama,,,,,
sospen,Daakaka,sospen,n,,,,,,,,Bislama,,,,,
sou,Daakaka,sou,n.rel,,,,,,,,,,,,,
sowe,Daakaka,sowe,v,,,,,,,,,,,,,
speret,Daakaka,speret,n,,,,,,,,Bislama,,,,,
sport,Daakaka,sport,n,,,,,,,,Bislama,,,,,
stat,Daakaka,stat,v,,,,,,,,Bislama,,,,,
statem,Daakaka,statem,v.tr,,,,,,,,Bislama,,,,,
stori,Daakaka,stori,n,,,,,,,,Bislama,,,,,
string,Daakaka,string,n,,,,,,,,Bislama,,,,,
su,Daakaka,su,v,,,,,,,,,,,,,
su_1,Daakaka,su,v,,,,,,,,,,,,,
suane,Daakaka,suane,v,,,,,,,,,,,,,
suga,Daakaka,suga,n,,,,,,,,Bislama,,,,,
suk-,Daakaka,suk-,n.rel.b,sukuk,sukuom,,sukuon,,,,,,sukuon,o,,
suku,Daakaka,suku,n.rel,,,,,,,,,,,,,
suku_gyesan,Daakaka,suku gyesan,n,,,,,,,,,,,,,
suku_mees,Daakaka,suku mees,n,,,,,,,,,,,,,
sukuo,Daakaka,sukuo,v,,,,,,,tilya,,,,,,
sukuru,Daakaka,sukuru,n,,,,,,,,Bislama,,,3,,
sulup,Daakaka,sulup,v,,,,,,,,,,,,,
sumaa,Daakaka,sumaa,n,,,,,,,,,,,,,
sun_myar_1,Daakaka,sun myar,n.rel,,,,,,,,,,,,,
sun_myar_2,Daakaka,sun myar,n,,,,,,,,,,,,,
sune,Daakaka,sune,v,,,,,,,,,,,,,
sung,Daakaka,sung,v,,,,,,,,,,sungane,,,
sungavi,Daakaka,sungavi,num,,,,,,,,,,,,,
sungavi_a_swa,Daakaka,sungavi a swa,num,,,,,,,,,,,,,
sungun,Daakaka,sungun,v,,,,,,,,,,,,,
susur,Daakaka,susur,n,,,,,,,,,,,3,,
sutuoane,Daakaka,sutuoane,v.tr,,,,,,,,,,,,,
suw,Daakaka,suw,adv,,,,,,,,,,,,,
suwu,Daakaka,suwu,v,,,,,,,,,,,,,
swa,Daakaka,swa,num,,,,,,,,,,,,,
swave,Daakaka,swave,v,,,,,,,,,,,,,
sy,Daakaka,sy,n.rel,sik,syem,,,,,taten,,,syen,,,
sya,Daakaka,sya,v,,,,,,,,,,,,,
-syaane,Daakaka,-syaane,res,,,,,,,,,,,,,
syaapune,Daakaka,syaapune,v,,,,,,,,,,,,,
syaasyaa,Daakaka,syaasyaa,n,,,,,,,,,,,,,
syan,Daakaka,syan,gram,,,,,,,,,,,,,
syanan,Daakaka,syanan,pron,,,,,,,,,,,,,
syaor,Daakaka,syaor,v,,,,,,,,,,,,,
syap,Daakaka,syap,v,,,,,,,sivya,,,,,,
sye,Daakaka,sye,v,,,,,,,,,,,,,
sye_1,Daakaka,sye,n,,,,,,,,,,,,,
sye_2,Daakaka,sye,n,,,,,,,,,,,,,
-sye,Daakaka,-sye,poss.suf,,,,,,,,,,,,,
syek,Daakaka,syek,v,,,,,,,,,,,,,
syepkote,Daakaka,syepkote,v.tr,,,,,,,-kote,,,,,,
syepkuone,Daakaka,syepkuone,NA,,,,,,,,,,,,,
syepkuone_1,Daakaka,syepkuone,v,,,,,,,,,,,,,
syeptae,Daakaka,syeptae,v.tr,,,,,,,-tae,,,,,,
syes,Daakaka,syes,n,,,,,,,,,,,,,
syetantan,Daakaka,syetantan,n,,,,,,,,,,,,,
syetowane,Daakaka,syetowane,v,,,,,,,,,,,,,
syevenyu,Daakaka,syevenyu,n,,,,,,,,,,,,,
syewa,Daakaka,syewa,v.tr,,,,,,,,,,,,,
syewuo,Daakaka,syewuo,n,,,,,,,,,,,,,
syewuoswuos,Daakaka,syewuoswuos,n,,,,,,,,,,,,,
syewyewye_namesa,Daakaka,syewyewye namesa,n,,,,,,,,,,,,,
syo,Daakaka,syo,v,,,,,,,,,,,,,
syokilye,Daakaka,syokilye,v,,,,,,,,,,,,,
syokilyene,Daakaka,syokilyene,v,,,,,,,,,,,,,
syokuwu,Daakaka,syokuwu,v.tr,,,,,,,liye,,,,,,
-syone,Daakaka,-syone,v,,,,,,,,,,,,,
syoo,Daakaka,syoo,v,,,,,,,,,,,,,
syooane,Daakaka,syooane,v.tr,,,,,,,,,,,,,
syoosyoo_kikye,Daakaka,syoosyoo kikye,n,,,,,,the word is derived from \emph{siyoo} `(of the sun) set' and \emph{kye} `to call' and thereby refers to the property of the cricket to start chirping at sunset.,,,,,,,
syootae,Daakaka,syootae,NA,,,,,,,-tae,,,,,,
syote,Daakaka,syote,v,,,,,,,,,,,,,
syoten,Daakaka,syoten,adv,,,,,,,,,,,,,
syu,Daakaka,syu,v,,,,,,,,,,,,,
syuk,Daakaka,syuk,n.rel,,,,,,,misy,,,,,,
syuk_1,Daakaka,syuk,n,,,,,,,,,,,,,
syuksyuk,Daakaka,syuksyuk,n,,,,,,,,,,,1,,
syute,Daakaka,syute,v,,,,,,,,,,,,,
syuwewe_ne_mesa,Daakaka,syuwewe ne mesa,n,,,,,,,,,,,,,
LX000048,Daakaka,sóp,v.itr,,,,,,,,,,,,,archaic
LX000049,Daakaka,sóro bup,v,,,,,,,,,,,,,
LX000050,Daakaka,sóró,v.itr,,,,,,,,,,,,,
LX000051,Daakaka,sóró melipro,v,,,,,,,melipro,,,,,,
LX000052,Daakaka,sórólili,v,,,,,,,,,,,,,
LX000053,Daakaka,sórósaa,v.itr,,,,,,,,,,,,,
LX000054,Daakaka,sóróusi,v,,,,,,,,,,,,,
LX000055,Daakaka,sóróusili,v.tr,,,,,,,,,,,,,
LX000056,Daakaka,sóvilye,v,,,,,,,,,,,,,
LX000057,Daakaka,sóó,v,,,,,,,,,,,,,
LX000058,Daakaka,sóó,n,,,,,,,,,,,,,
LX000059,Daakaka,sóósóó,v,,,,,,,,,,,,,
LX000060,Daakaka,sóóte,v.tr,,,,,,,,,,,,,
LX000061,Daakaka,sóóte,v,,,,,,,,,,,,,
t,Daakaka,t,prep,tok,tom,,,,,myane,,,ten,,,
t-,Daakaka,t-,tam,,,,,,,,,,,,,
-t,Daakaka,-t,tam,,,,,,,,,,,,,
ta,Daakaka,ta,v,,,,,,,tawa,,,,,,
ta_1,Daakaka,ta,prep,,,,,,,,,,,,,
ta_2,Daakaka,ta,tam,,,,,,,,,,,,,
ta_3,Daakaka,ta,n,,,,,,,,,,,,,
ta_4,Daakaka,ta,v.itr,,,,,,,,,,,,,
ta_silye,Daakaka,ta silye,v.tr,,,,,,,,,,,,,
taa,Daakaka,taa,v,,,,,,,,,,,,,
taata,Daakaka,taata,n,,,,,,,,,,,,,
tabalir,Daakaka,tabalir,n,,,,,,,,,,,,,
tabu,Daakaka,tabu,n,,,,,,,,Bislama,,,,,
tabungmir,Daakaka,tabungmir,n,,,,,,,,,,,,,
tabungu,Daakaka,tabungu,v,,,,,,,,,,,,,
-tae,Daakaka,-tae,res,,,,,,,,,,,,,
taem_1,Daakaka,taem,n,,,,,,,,Bislama,,,,,
taem_2,Daakaka,taem,adv,,,,,,,,,,,,,
LX000062,Daakaka,taem,gram,,,,,,,,Bislama,,,,,
taet,Daakaka,taet,v.itr,,,,,,,,Bislama,,,,,
tak_1,Daakaka,tak,n,,,,,,,,,,,,,
-tak,Daakaka,-tak,dem,,,,,,,,,,,,,
takee,Daakaka,takee,v,,,,,,,,,,,,,
tako,Daakaka,tako,n,,,,,,,,,,,,,
takokuone,Daakaka,takokuone,v.tr,,,,,,,sepukuone,,,,,,
takote,Daakaka,takote,v.tr,,,,,,,-kote,,,,,,
takuwu,Daakaka,takuwu,v.tr,,,,,,,-kuwu,,,,,,
tali,Daakaka,tali,n.tr,,,,,,,,,,,,,
tam,Daakaka,tam,n,,,,,,,,,,,,,
tamadu,Daakaka,tamadu,n,,,,,,"They say that if you push a stalk into one of its holes, it will hold on to the stalk and you can pull it out. Then you have shout: ""'Ep, ep, sam is sa tamadu?"" (""Honeyeater, is your name `Tamadu'?"") if the bird answers,",,,,,,,
tamake,Daakaka,tamake,n,,,,,,,,,,,,,
tamat,Daakaka,tamat,n,,,,,,,,,,,3,,
tamyes_1,Daakaka,tamyes,adj2,,,,,,,,,,,,,
tamyes_2,Daakaka,tamyes,n,,,,,,,,,,,,,
tamyes_3,Daakaka,tamyes,n,,,,,,,,,,,,,
tamyes_4,Daakaka,tamyes,n,,,,,,,,,,,,,
tan,Daakaka,tan,n,,,,,,,,,,,,,
tan_leplep,Daakaka,tan leplep,n,,,,,,,,,,,,,
tandiyur,Daakaka,tandiyur,n,,,,,,,,,,,,,
tang,Daakaka,tang,v.itr,,,,,,,,,,,,,
tang_pesili,Daakaka,tang pesili,v,,,,,,,,,,,,,
tangbilya,Daakaka,tangbilya,v,,,,,,,,,,,,,
tangbweelokvis,Daakaka,tangbweelokvis,n,,,,,,,,,,,,,
tangkilye,Daakaka,tangkilye,v,,,,,,,,,,,,,
tangpesili,Daakaka,tangpesili,v,,,,,,,,,,,,,
tangtang,Daakaka,tangtang,n,,,,,,,,,,,,,
tangtanglii,Daakaka,tangtanglii,n,,,,,,,,,,,,,
tangtevyase,Daakaka,tangtevyase,v,,,,,,,,,,,,,
tangvyor,Daakaka,tangvyor,n,,,,,,,,,,,,,
taon,Daakaka,taon,n,,,,,,,,Bislama,,,,,
tap,Daakaka,tap,v,,,,,,,,,,,,,
tap_1,Daakaka,tap,v,,,,,,,,,,,,,
tapwisya,Daakaka,tapwisya,v,,,,,,,,,,,,,
tas,Daakaka,tas,v,,,,,,,,,,,,,
tas_tene,Daakaka,tas tene,v.tr,,,,,,,,,,,,,
tasane,Daakaka,tasane,v.tr,,,,,,,,,,,,,
-tase,Daakaka,-tase,res,,,,,,,,,,,,,
tatae,Daakaka,tatae,NA,,,,,,,-tae,,,,,,
tataraa,Daakaka,tataraa,v,,,,,,,,,,,,,
taten,Daakaka,taten,n,,,,,,,,,,,,,
tati,Daakaka,tati,n,,,,,,,,,,,,,
taur,Daakaka,taur,adv,,,,,,,,,,,,,
tave,Daakaka,tave,v.tr,,,,,,,,,,,,,
tavy,Daakaka,tavy,n.rel.b,,tavyum,,,,,,,,tavyun,u,,
tavya,Daakaka,tavya,v,,,,,,,,,,,,,
tavyane,Daakaka,tavyane,v.tr,,,,,,,,,,,,,
tawa,Daakaka,tawa,v,,,,,,,,,,,,,
taweka,Daakaka,taweka,n,,,,,,,,,,,,,
taweka_1,Daakaka,taweka,n,,,,,,,,,,,,,
tawi,Daakaka,tawi,n,,,,,,,,,,,,,
tawian,Daakaka,tawian,n,,,,,,,tawi,,,,,,
tawili,Daakaka,tawili,n.rel,,,,,,,,,,,,,
tawilin,Daakaka,tawilin,n.rel,,,,tawilin byen,,,,,,,,,
tawilin_1,Daakaka,tawilin,n.rel,,,,,,,tawili,,,,,,
tawilin_bir,Daakaka,tawilin bir,n.rel.b,tawilin bik,tawilin byem,,,,,,,,,,,
tawiliyaa,Daakaka,tawiliyaa,n,,,,,,,,,,,,,
tawityu,Daakaka,tawityu,v,,,,,,,,,,,,,
te,Daakaka,te,tam,,,,,,,,,,,,,
te_1,Daakaka,te,v,,,,,,,,,,,,,
te_2,Daakaka,te,dem,,,,,,,,,,,,,
te_3,Daakaka,te,gram,,,,,,,,,,,,,
-te_3,Daakaka,-te,dem,,,,,,,,,,,,,
tea,Daakaka,tea,v,,,,,,,,,,,,,
tease,Daakaka,tease,v.tr,,,,,,,,,,,,,
tebolye,Daakaka,tebolye,v,,,,,,,,,,,,,
tebwesye,Daakaka,tebwesye,v.itr,,,,,,,,,,,,,
tebweti,Daakaka,tebweti,v.tr,,,,,,,,,,,,,
tede,Daakaka,tede,n,,,,,,,,,,,,,
tee,Daakaka,tee,n,,,,,,,,,,,3,,
teenem,Daakaka,teenem,adv,,,,,,,,,,,,,
teesi,Daakaka,teesi,v.itr,,,,,,,,,,,,,
tekiti,Daakaka,tekiti,v.tr,,,,,,,,,,,,,
tekyer,Daakaka,tekyer,v.itr,,,,,,,,,,,,,
tekyerkyer,Daakaka,tekyerkyer,v,,,,,,,,,,,,,
telelel,Daakaka,telelel,n,,,,,,,,,,,,,
teli,Daakaka,teli,n.rel,,,,,,,,,,,,,
teme,Daakaka,teme,n,,,,,,,,,,,,,
temeli,Daakaka,temeli,n,,,,,,,,,,,,,
temeli_bangbang,Daakaka,temeli bangbang,n,,,,,,,,,,,,,
temeli_maakuo,Daakaka,temeli maakuo,adj,,,,,,,temeli_vyaven_dear,,,,,,
temeli_man,Daakaka,temeli man,n,,,,,,,,,,,,,
temeli_vyaven,Daakaka,temeli vyaven,n,,,,,,,,,,,,,
temeli_vyaven_dear,Daakaka,temeli vyaven dear,adj,,,,,,,,,,,,,
temoinage,Daakaka,temoinage,n,,,,,,,,French,,,,,
temwinya,Daakaka,temwinya,n,,,,,,,,,,,,,
temyap,Daakaka,temyap,v,,,,,,,,,,,,,
temyar,Daakaka,temyar,n,,,,,,,,,,,,,
temyar_1,Daakaka,temyar,n,,,,,,,,,,,,,
ten,Daakaka,ten,adv,,,,,,,,,,,,,
ten_2,Daakaka,ten,adv,,,,,,,,,,,,,
ten_3,Daakaka,ten,adj,,,,,,,,,,,,,
tenap,Daakaka,tenap,v,,,,,,,,,,,,,
tene,Daakaka,tene,v,,,,,,,tas_tene,,,,,,
tenebwesye,Daakaka,tenebwesye,v,,,,,,,,,,,,,
teneem,Daakaka,teneem,n,,,,,,,,,,,,,
tenes,Daakaka,tenes,v,,,,,,,,,,,,,
tengbwir,Daakaka,tengbwir,v.itr,,,,,,,,,,,,,
tengun,Daakaka,tengun,v,,,,,,,,,,,,,
tep,Daakaka,tep,n,,,,,,,,,,,3,,
tes,Daakaka,tes,n,,,,,,,,,,,,,
tes_1,Daakaka,tes,v,,,,,,,,,,,,,
tes_longlong,Daakaka,tes longlong,n,,,,,,,,,,,,,
tesa,Daakaka,tesa,adj,,,,,,,,,,,,,
tesi,Daakaka,tesi,v,,,,,,,,,,,,,
teskuli,Daakaka,teskuli,n,,,,,,,,,,,,,archaic
tetear,Daakaka,tetear,n,,,,,,,,,,,,,
tetes,Daakaka,tetes,contr.ptcl,,,,,,,,,,,,,
teude,Daakaka,teude,n,,,,,,,,,,,,,
teve,Daakaka,teve,n.rel,,,,,,,,,,,,,
tevene,Daakaka,tevene,v.tr,,,,,,,,,,,,,
teveni,Daakaka,teveni,v,,,,,,,bowop,,,,,,
tever,Daakaka,tever,v,,,,,,,,,,,,,
teveveni,Daakaka,teveveni,v.tr,,,,,,,-veni,,,,,,
tevin,Daakaka,tevin,v.itr,,,,,,,,,,,,,
tevy,Daakaka,tevy,n.rel.b,,tevyam,,,,,,,,tevyan,a,,
tevy-,Daakaka,tevy-,n.rel.b,,,,,,,,,,,a,,
tevya,Daakaka,tevya,n,,,,,,,,,,,,,
-tevyase,Daakaka,-tevyase,res,,,,,,,,,,,,,
teweli,Daakaka,teweli,n,,,,,,,,,,,,,
teweli_tes,Daakaka,teweli tes,NA,,,,,,,,,,,,,
tewes,Daakaka,tewes,v.itr,,,,,,,etewes,,,,,,
ti,Daakaka,ti,tam,,,,,,,,,,,,,
tii,Daakaka,tii,v,,,,,,,,,,,,,
tiitii,Daakaka,tiitii,v,,,,,,,wedewer,,,,,,
tija,Daakaka,tija,n,,,,,,,,Bislama,,,,,
tiline,Daakaka,tiline,v,,,,,,,,,,,,,
tilya,Daakaka,tilya,v,,,,,,,liye,,,,,,
tilya_1,Daakaka,tilya,v,,,,,,,sukuo,,,,,,
tilye,Daakaka,tilye,v.tr,,,,,,,,,,,,,
tilyo,Daakaka,tilyo,v,,,,,,,,,,,,,
timy,Daakaka,timy,n.rel.b,,,,,,,,,,,"a, irregular",,
timy-,Daakaka,timy-,n.rel.b,timyok,tumam,,timyan,,,,,,,,,
timye,Daakaka,timye,n.rel,,,,,,,,,,,,,
tin-,Daakaka,tin-,n.rel.b,tinik,tinyem,,tinyen,,,,,,,,,
tingi,Daakaka,tingi,v,,,,,,,,,,,,,
tiny,Daakaka,tiny,n.rel.b,,,,,,,,,,,i,,
tinya,Daakaka,tinya,n,,,,,,,,,,,,,
tinyam,Daakaka,tinyam,v,,,,,,,,,,,,,
tinyo,Daakaka,tinyo,v,,,,,,,,,,,,,
tip,Daakaka,tip,v,,,,,,,,,,,,,
tipune,Daakaka,tipune,v,,,,,,,,,,,,,
tis,Daakaka,tis,n,,,,,,,,,,,,,
tis_ne_yewep,Daakaka,tis ne yewep,v,,,,,,"similar to sand drawings, these figures are often named after things like fire or yam or are associated with small stories or linguistic formulas.",,,,,,,
tisi,Daakaka,tisi,v,,,,,,,,,,,,,
tisyu,Daakaka,tisyu,q,,,,,,,,,,,,,
-titye,Daakaka,-titye,res,,,,,,,,,,,,,
tiwir,Daakaka,tiwir,v,,,,,,,,,,,,,
tiwiye,Daakaka,tiwiye,v.tr,,,,,,,,,,,,,
tiye,Daakaka,tiye,v,,,,,,,,,,,,,
tiyu,Daakaka,tiyu,n,,,,,,,,,,,,,
to,Daakaka,to,tam,,,,,,,,,,,,,
to_1,Daakaka,to,n,,,,,,,,,,,,,
to_2,Daakaka,to,adv,,,,,,,,,,,,,
to_3,Daakaka,to,tam,,,,,,,,,,,,,
-to,Daakaka,-to,tam,,,,,,,,,,,,,
toda,Daakaka,toda,v,,,,,,,,,,,,,
toj,Daakaka,toj,n,,,,,,,,Bislama,,,,,
tokoraa,Daakaka,tokoraa,v,,,,,,,,,,,,,
tokta,Daakaka,tokta,n,,,,,,,,Bislama,,,,,
tolir,Daakaka,tolir,adj,,,,,,,,,,,,,
tomar,Daakaka,tomar,v,,,,,,,,,,,,,
tomo,Daakaka,tomo,n,,,,,,,,,,,3,,
tomo_1,Daakaka,tomo,n,,,,,,,,,,,,,
tongurngur,Daakaka,tongurngur,v,,,,,,,,,,,,,
too,Daakaka,too,n,,,,,,,,,,,,,
too_1,Daakaka,too,v,,,,,,,,,,,,,
toowe,Daakaka,toowe,v,,,,,,,,,,,,,
topki-,Daakaka,topki-,v,,,,,,,,,,,,,
topkilye,Daakaka,topkilye,v.tr,,,,,,,,,,,,,
topkiseaa,Daakaka,topkiseaa,NA,,,,,,,seaa,,,,,,
topvyor,Daakaka,topvyor,v,,,,,,,,,,,,,
toto,Daakaka,toto,v,,,,,,,,,,,,,
toto_1,Daakaka,toto,n,,,,,,,,,,,,,
totone,Daakaka,totone,v,,,,,,,,,,,,,
tow-_1,Daakaka,tow-,n.rel.b,towok,towam,,towan,,,,,,towan,,,
towaase,Daakaka,towaase,v.tr,,,,,,,,,,,,,
towan,Daakaka,towan,v,,,,,,,towane,,,,,,
towan_mwi_towo,Daakaka,towan mwi towo,n,,,,,,,,,,,,,
towane,Daakaka,towane,v,,,,,,,,,,,,,
towe,Daakaka,towe,n.rel,,,,,,,,,,,,,
tower,Daakaka,tower,v,,,,,,,,,,,,,
towilya,Daakaka,towilya,v.tr,,,,,,,,,,,,,
towo,Daakaka,towo,adj,,,,,,,,,,,,,
towoo,Daakaka,towoo,v,,,,,,,,,,,,,
traem,Daakaka,traem,v,,,,,,,,Bislama,,,,,
traeva,Daakaka,traeva,n,,,,,,,,Bislama,,,,,
trak,Daakaka,trak,n,,,,,ekuokuo ; apyaló ne tan,,,Bislama,,,,,
trep,Daakaka,trep,n,,,,,,,,Bislama,,,,,
tresa,Daakaka,tresa,n,,,,,,,,Bislama,,,,,
tri,Daakaka,tri,num,,,,,,,,Bislama,,,,,
trik,Daakaka,trik,n,,,,,,,,,,,,,
trikim,Daakaka,trikim,v.tr,,,,,,,,Bislama,,,,,
tritmen,Daakaka,tritmen,n,,,,,,,,English,,,,,
tu,Daakaka,tu,tam,,,,,,,,,,,,,
tu_1,Daakaka,tu,v,,,,,,,,,,,,,
tu_2,Daakaka,tu,contr.ptcl,,,,,mon,,,Bislama,,,,,
tu_3,Daakaka,tu,v,,,,,,,tyuptyup,,,,,,
tu_4,Daakaka,tu,num,,,,,,,,Bislama,,,,,
tukate,Daakaka,tukate,v,,,,,,,,,,,,,
tukete,Daakaka,tukete,v.tr,,,,,,,,,,,,,
tuki,Daakaka,tuki,intj,,,,,,,,,,,,,
tulup,Daakaka,tulup,n,,,,,,,,,,,,,
tumtum,Daakaka,tumtum,v.itr,,,,,,,,,,,,,
tumuo,Daakaka,tumuo,v,,,,,,,,,,,,,
tung,Daakaka,tung,v,,,,,,,,,,,,,
tung_1,Daakaka,tung,v,,,,,,,,,,,,,
tung_2,Daakaka,tung,v,,,,,,,,,,,,,
tung_3,Daakaka,tung,n.rel,,,,,,,,,,,,,
tung_myaek,Daakaka,tung myaek,v,,,,,,,,,,,,,
tungane,Daakaka,tungane,v.tr,,,,,,,,,,,,,
tungtung,Daakaka,tungtung,n,,,,,,,,,,,,,
tungvyor,Daakaka,tungvyor,n,,,,,,,,,,,,,
-tupuosane,Daakaka,-tupuosane,res,,,,,,,,,,,,,
turing,Daakaka,turing,n,,,,,,,,,,,,,
tuswa,Daakaka,tuswa,q,,,,,,,,,,,,,
tutur,Daakaka,tutur,v.itr,,,,,,,,,,,,,
tuutu,Daakaka,tuutu,n,,,,,,,,,,,,,
tuutu_ba,Daakaka,tuutu ba,NA,,,,,,,,,,,,,
tuwa,Daakaka,tuwa,v.tr,,,,,,,,,,,,,
tuwu,Daakaka,tuwu,n,,,,,,,,,,,,,
tuwu_ane_temyar,Daakaka,tuwu ane temyar,n,,,,,,,,,,,,,
tuwu_ten,Daakaka,tuwu ten,n,,,,,,,,,,,,,
tuwu_trep,Daakaka,tuwu trep,n,,,,,,,,,,,,,
tuwuli,Daakaka,tuwuli,v,,,,,,,,,,,,,
tuwuli_esi,Daakaka,tuwuli esi,v,,,,,,,,,,,,,
tuwuline,Daakaka,tuwuline,v.tr,,,,,,,,,,,,,
-tye,Daakaka,-tye,poss.suf,,,,,,,,,,,,,
tyo,Daakaka,tyo,v,,,,,,,,,,,,,
tyomavyor,Daakaka,tyomavyor,n,,,,,,,,,,,,,
tyoo,Daakaka,tyoo,v,,,,,,,,,,,,,
tyoo_1,Daakaka,tyoo,v.tr,,,,,,,,,,,,,
tyotyo,Daakaka,tyotyo,n,,,,,,,,,,,3,,
tyu,Daakaka,tyu,n,,,,,,,,,,,3,,
tyu_1,Daakaka,tyu,v,,,,,,,,,,,,,
Tyun,Daakaka,Tyun,n,,,,,,,,Bislama,,,,,
tyup,Daakaka,tyup,v,,,,,,,,,,,,,
tyuptene,Daakaka,tyuptene,v.tr,,,,,,,,,,,,,
tyuptyup,Daakaka,tyuptyup,v,,,,,,,tyup,,,,,,
Tyuste,Daakaka,Tyuste,n,,,,,,,,,,,,,
tyuveni,Daakaka,tyuveni,v.tr,,,,,,,-veni,,,,,,
LX000063,Daakaka,té,n,,,,,,,,,,,,,
LX000064,Daakaka,tó,n,,,,,,This tool is essentially a small board one end of which is equipped with piece of metal with a serrated edge. You sit down on the board and grate the coconut with the metal with both hands,,,,,,,
LX000065,Daakaka,tóng,v,,,,,,,,,,,,,
LX000066,Daakaka,tóp,v,,,,,,,,,,,,,
LX000067,Daakaka,tópkate,v,,,,,,,,,,,,,
LX000068,Daakaka,téé,v.itr,,,,,,,,,,,,,
LX000069,Daakaka,tóó,n,,,,,,,,,,,,,
LX000070,Daakaka,téé listo,v.itr,,,,,,,,,,,,,
LX000071,Daakaka,tééne,v.tr,,,,,,,,,,,,,
LX000072,Daakaka,téép,v.trb,,,,,,,,,,,,,
LX000073,Daakaka,téépu-,v.trb,,,,,,,,,,,,,
LX000074,Daakaka,téépuon,v,,,,,,,LX000073,,,,,,
LX000075,Daakaka,téépyakilye,NA,,,,,,,-pyakilye,,,,,,
LX000076,Daakaka,tóór,n,,,,,,,,,,,,,
LX000077,Daakaka,téétupuosane,v.tr,,,,,,,-tupuosane,,,,,,
LX000078,Daakaka,tóótóó,n,,,,,,,,,,,,,
LX000079,Daakaka,téétéésaa,v.itr,,,,,,,,,,,,,
LX000080,Daakaka,tóóve,v,,,,,,,,,,,,,
u,Daakaka,u,n.rel,,,,,,,,,,,,,
u_1,Daakaka,u,intj,,,,,,,,,,,,,
-u-,Daakaka,-u-,gram,,,,,,,,,,,,,
ubii,Daakaka,ubii,v,,,,,,,,,,,,,
ud,Daakaka,ud,n.rel.b,,,,,,,,,,udun,u,,
-uk,Daakaka,-uk,poss.suf,,,,,,,,,,,,,
uli,Daakaka,uli,n.rel,,,,,,,,,,,,,
-uli,Daakaka,-uli,gram,,,,,,,,,,,,,
ulili,Daakaka,ulili,n,,,,,,,,,,,,,
ulilir,Daakaka,ulilir,n,,,,,,,,,,,,,
ulimeotir,Daakaka,ulimeotir,n,,,,,,,,,,,,,
ulin,Daakaka,ulin,n.rel,,,,,,,,,,,,,
ulin_byen,Daakaka,ulin byen,n.rel,,,,,,,,,,,,,
uluk,Daakaka,uluk,n.rel.b,,,,,,,,,,,,,
ulun,Daakaka,ulun,n.rel,,,,,,,,,,ulun bungun,,,
uluto,Daakaka,uluto,n,,,,,,,,,,,,,
-um,Daakaka,-um,poss.suf,,,,,,,,,,,,,
umisyoo,Daakaka,umisyoo,n,,,,,,,,,,,,,
un,Daakaka,un,n.rel,,,,un byen,,,,,,,,,
un_1,Daakaka,un,v.tr,,,,,,,,,,unun,,,
-un,Daakaka,-un,poss.suf,,,,,,,,,,,,,
LX000081,Daakaka,un ane lóó,NA,,,,,,traditionally used in the preparation of kava,,,,,,,
unbesy,Daakaka,unbesy,n.rel.b,unbesyuk,unbesyum,,unbesyun,,,,,,unbesyun,u,,
ung,Daakaka,ung,num,,,,,,,,,,,,,
ung_1,Daakaka,ung,n.rel,,,,,,,,,,,,,
LX000082,Daakaka,ung ló a sii,num,,,,,,,,,,,,,
ung_seli,Daakaka,ung seli,n,,,,,,,,,,,,,
ung_sungavi,Daakaka,ung sungavi,num,,,,,,,,,,,,,
LX000083,Daakaka,ung sungavi vya ló,num,,,,,,,,,,,,,
ung_swa,Daakaka,ung swa,num,,,,,,,,,,,,,
uni,Daakaka,uni,n,,,,,,,,,,,,,
unites,Daakaka,unites,n,,,,,,,,,,,,,
unte,Daakaka,unte,v,,,,,,,,,,,,,
unun,Daakaka,unun,v,,,,,,,,,,,,,
ur,Daakaka,ur,n,,,,,,,,,,,,,
-ur,Daakaka,-ur,poss.suf,,,,,,,,,,,,,
urur,Daakaka,urur,n,,,,,,,,,,,,,
us,Daakaka,us,v,,,,,,,,,,,,,
usi_1,Daakaka,usi,v.itr,,,,,,,,,,,,,
usi_2,Daakaka,usi,v,,,,,,,,,,,,,
usi_3,Daakaka,usi,v.itr,,,,,,,,,,,,,
usili,Daakaka,usili,v,,,,,,,,,,,,,
ustase,Daakaka,ustase,v,,,,,,,,,,,,,
uti,Daakaka,uti,n.rel,,,,,,,,,,,4,,
utivi,Daakaka,utivi,v.tr,,,,,,,,,,,,,
uu,Daakaka,uu,intj,,,,,,,,,,,,,
uya,Daakaka,uya,n,,,,,,,ya,,,,,,
uyaya,Daakaka,uyaya,intj,,,,,,,,,,,,,
ve,Daakaka,ve,qu,,,,,,,,,,,,,
-ve,Daakaka,-ve,qu,,,,,,,,,,,,,
veer,Daakaka,veer,n,,,,,,,,,,,,,
venek,Daakaka,venek,v,,,,,,,,,,,,,
-veni,Daakaka,-veni,res,,,,,,,,,,,,,
veok,Daakaka,veok,v,,,,,,,,,,,,,
vep,Daakaka,vep,n,,,,,,,,,,,,,
ves,Daakaka,ves,v,,,,,,,vyaase,,,,,,
ves_1,Daakaka,ves,qu,,,,,,,,,,,,,
veskuwu,Daakaka,veskuwu,v.tr,,,,,,,vyaase ; -kuwu,,,,,,
vestase,Daakaka,vestase,n,,,,,,,vyaase ; -tase,,,,,,
veve,Daakaka,veve,v,,,,,,,,,,,,,
ve-vyan,Daakaka,ve-vyan,v,,,,,,,vyan,,,,,,
vevyo,Daakaka,vevyo,v,,,,,,,,,,,,,
ve-vyo,Daakaka,ve-vyo,v.tr,,,,,,,,,,,,,
ve-vyop,Daakaka,ve-vyop,adj1,,,,,,,,,,,,,
vevyos,Daakaka,vevyos,n,,,,,,,,,,,,,
vevyu,Daakaka,vevyu,n,,,,,,,,,,,,,
ve-vyung,Daakaka,ve-vyung,v,,,,,,,,,,,,,
LX000084,Daakaka,ve-vyó,v,,,,,,,,,,,,,
vi,Daakaka,vi,n,,,,,,,,,,,,,
vi_1,Daakaka,vi,adj1,,,,,,,,,,,,,
vi_2,Daakaka,vi,n,,,,,,,,,,livi,,,
-vi,Daakaka,-vi,qu,,,,,,,,,,,,,
video,Daakaka,video,n,,,,,,,,English,,,,,
vili,Daakaka,vili,v.tr,,,,,,,vivi,,,,,,
vilye,Daakaka,vilye,n,,,,,,,,,,,,,
vilye_wowo,Daakaka,vilye wowo,n,,,,,,,,,,,,,
vin,Daakaka,vin,n,,,,,,,,,,,,,
vinye,Daakaka,vinye,v,,,,,,,,,,,,,
vis,Daakaka,vis,n,,,,,,,,,,,,,
vis_1,Daakaka,vis,n,,,,,,,,,,,,,
vis_an_vi,Daakaka,vis an vi,n,,,,,,,,,,,,,
vis_ane_tes,Daakaka,vis ane tes,n,,,,,,,,,,,,,
visitim,Daakaka,visitim,v.tr,,,,,,,,Bislama,,,,,
vislee,Daakaka,vislee,n,,,,,,,,,,,,,
vislee_1,Daakaka,vislee,n,,,,,,,,,,,1,,
visyaa_1,Daakaka,visyaa,prep,,,,,,,,,,,,,
visyaa_2,Daakaka,visyaa,adv,,,,,,,,,,,,,
vityop,Daakaka,vityop,n,,,,,,,,,,,,,
vityup,Daakaka,vityup,n,,,,,,,,,,,,,
vivi,Daakaka,vivi,v.tr,,,,,,,vili,,,,,,
vi-vyan,Daakaka,vi-vyan,v.itr,,,,,,,,,,,,,
volibol,Daakaka,volibol,n,,,,,,,,Bislama,,,,,
vu,Daakaka,vu,v.itr,,,,,,,,,,,,,
vune,Daakaka,vune,v.tr,,,,,,,,,,,,,
vuvuop,Daakaka,vuvuop,v,,,,,,,,,,,,,
vy,Daakaka,vy,n.rel.b,,,,,,,,,,,a,,
vy_1,Daakaka,vy,n.rel.b,,,,,,,,,,,,,
vy-,Daakaka,vy-,n.rel.b,viluk [vylUk],vyum,,vyun,,,,,,,"u, irregular",,
vy-_1,Daakaka,vy-,n.rel.b,vyok,vyam,,vyan,,,,,,,a,,
vya,Daakaka,vya,n,,,,,,,,,,,,,
vyaa,Daakaka,vyaa,n,,,,,,,,,,,,,
vyaa_1,Daakaka,vyaa,n,,,,,,,,,,,,,
vyaakyen,Daakaka,vyaakyen,adj2,,,,,,,,,,,,,
vyaase,Daakaka,vyaase,v,,,,,,,,,,,,,
vyae,Daakaka,vyae,n,,,,,,,,,,,,,
vyaevyaewotop,Daakaka,vyaevyaewotop,n,,,,,,,,,,,,,
vyale,Daakaka,vyale,n,,,,,,,,,,,,,
vyan,Daakaka,vyan,v,,,,,,,,,,,,,
vyansyone,Daakaka,vyansyone,v.tr,,,,,,,,,,,,,
vyanten,Daakaka,vyanten,n,,,,,,,,,,,,,
vyao,Daakaka,vyao,n,,,,,,,,,,,,,
LX000085,Daakaka,vyaoyó,n,,,,,,,,,,,,,
vyap_1,Daakaka,vyap,n,,,,,,,,,,,,,
LX000086,Daakaka,vyap myató,n,,,,,,,LX000005,,,,,,
vyar,Daakaka,vyar,n,,,,,,,,,,,,,
vyase,Daakaka,vyase,n.rel,,,,,,,,,,,,,
vyate,Daakaka,vyate,v.tr,,,,,,,veve,,,,,,
vyaven,Daakaka,vyaven,n,,,,,,,,,,,,,
vyen,Daakaka,vyen,gram,,,,,,,wisewe,,,,,,
vyer,Daakaka,vyer,num,,,,,,,,,,,,,
vyo,Daakaka,vyo,v,,,,,,,,,,,,,
vyo_1,Daakaka,vyo,v,,,,,,,,,,,,,
vyop,Daakaka,vyop,adj1,,,,,,,,,,,,,
vyor,Daakaka,vyor,n,,,,,,,,,,,1,,
vyos,Daakaka,vyos,n,,,,,,,,,,,,,
vyose,Daakaka,vyose,v.tr,,,,,,,,,,,,,
vyote,Daakaka,vyote,v,,,,,,,,,,,,,
vyung,Daakaka,vyung,v,,,,,,,,,,,,,
w-,Daakaka,w-,tam,,,,,,,,,,,,,
wa,Daakaka,wa,tam,,,,,,,,,,,,,
waase,Daakaka,waase,v,,,,,,,,,,,,,
waawaa,Daakaka,waawaa,n,,,,,,,,,,,,,
waawaa_mwelili,Daakaka,waawaa mwelili,n,,,,,,,,,,,,,
waawaa_wowo,Daakaka,waawaa wowo,n,,,,,,,,,,,,,
waawu,Daakaka,waawu,n,,,,,,,,,,,,,
waea,Daakaka,waea,n,,,,,,,,Bislama,,,,,
wait,Daakaka,wait,v,,,,,tastene,,,Bislama,,,,,
walingi,Daakaka,walingi,v.tr,,,,,,,,,,,,,
walis,Daakaka,walis,n,,,,,,,,,,,,,
wan,Daakaka,wan,num,,,,,,,,Bislama,,,,,
wangae,Daakaka,wangae,intj,,,,,,,,,,,,,
wap,Daakaka,wap,n,,,,,,,,,,,,,
war,Daakaka,war,v,,,,,,,,,,,,,
warsyosi,Daakaka,warsyosi,v,,,,,,,,,,,,,
wartase,Daakaka,wartase,v.tr,,,,,,,-tase,,,,,,
was,Daakaka,was,v,,,,,,,,,,,,,
we,Daakaka,we,adv,,,,,,,,,,,,,
we_1,Daakaka,we,tam,,,,,,,,,,,,,
we_2,Daakaka,we,v.itr,,,,,,,,,,,,,
we_3,Daakaka,we,n.rel,,,,,,,,,,,,,
weaki,Daakaka,weaki,intj,,,,,,,,,,,,,
webir,Daakaka,webir,n,,,,,,,,,,,,,
webirten,Daakaka,webirten,n,,,,,,,,,,,,,
webosis,Daakaka,webosis,n,,,,,,,,,,,,,
webung,Daakaka,webung,n,,,,,,,,,,,,,
webung_vyor_1,Daakaka,webung vyor,n,,,,,,,,,,,,,
webung_vyor_2,Daakaka,webung vyor,n,,,,,,,,,,,,,
webwes,Daakaka,webwes,n,,,,,,,,,,,,,
wedeli_es,Daakaka,wedeli es,n,,,,,,,,,,,,,
wedewer,Daakaka,wedewer,v,,,,,,,tiitii,,,,,,
wedrame,Daakaka,wedrame,n,,,,,,,,,,,,,
wee,Daakaka,wee,n,,,,,,,,,,,3,,
wee_1,Daakaka,wee,v.itr,,,,,,,,,,,,,
wee_vyao,Daakaka,wee vyao,n,,,,,,,,,,,,,
weka,Daakaka,weka,n,,,,,,The leaves resemble banana leaves,,,,,2,,
welili,Daakaka,welili,n,,,,,,,,,,,,,
welwel,Daakaka,welwel,v,,,,,,,,,,,,,
wemap,Daakaka,wemap,n,,,,,,,,,,,,,
wemea,Daakaka,wemea,n,,,,,,,,,,,,,
wemu,Daakaka,wemu,n,,,,,,,,,,,,,
wemu_kyenkyen,Daakaka,wemu kyenkyen,n,,,,,,,,,,,,,
wemu_ten,Daakaka,wemu ten,n,,,,,,,,,,,,,
wep,Daakaka,wep,n,,,,,,,,,,,,,
wes,Daakaka,wes,n,,,,,,,,,,,,,
wesa,Daakaka,wesa,v,,,,,,,,,,,,,
-wesa,Daakaka,-wesa,res,,,,,,,,,,,,,
wesame,Daakaka,wesame,v,,,,,,,ekyen,,,,,,
wese,Daakaka,wese,v,,,,,,,,,,,,,
weseevir,Daakaka,weseevir,n,,,,,,,,,,,,,
wesene,Daakaka,wesene,v.tr,,,,,,,,,,,,,
West,Daakaka,West,n,,,,,,,,Bislama,,,,,
wet,Daakaka,wet,aux,,,,,,,,,,,,,
wetii,Daakaka,wetii,n,,,,,,,,,,,,,
wetilis,Daakaka,wetilis,n,,,,,,,,,,,,,
wetye,Daakaka,wetye,n,,,,,,,,,,,,,
weu,Daakaka,weu,n,,,,,,,,,,,,,
LX000087,Daakaka,wevyep?,n,,,,,,,,,,,,,
wewo,Daakaka,wewo,n,,,,,,,,,,,,,
LX000088,Daakaka,wewé,n,,,,,,,,,,,,,
weya,Daakaka,weya,n,,,,,,,,,,,,,
wii,Daakaka,wii,n,,,,,,,,,,,,,
wik,Daakaka,wik,n,,,,,,,,Bislama,,,,,
wikye,Daakaka,wikye,n,,,,,,,,,,,,,
wilis,Daakaka,wilis,n,,,,,,,wulis,,,,,,
wilya,Daakaka,wilya,v.itr,,,,,,,,,,,,,
wilyakate,Daakaka,wilyakate,v.tr,,,,,,,,,,,,,
wilyo,Daakaka,wilyo,n,,,,,,,,,,,,,
win,Daakaka,win,v,,,,,,,,Bislama,,,,,
winim,Daakaka,winim,v,,,,,,,,,,,,,
wip,Daakaka,wip,n,,,,,,,,,,,,,
wis,Daakaka,wis,adv,,,,,,,,,,,,,
wisewe,Daakaka,wisewe,NA,,,,,,,vyen,,,,,,
wo,Daakaka,wo,tam,,,,,,,,,,,,,
wotop,Daakaka,wotop,n,,,,,,,lowotop,,,,,,
wotop_an_vi,Daakaka,wotop an vi,n,,,,,,,,,,,,,
wou,Daakaka,wou,n,,,,,,,,,,,,,
wovya,Daakaka,wovya,n,,,,,,,,,,,,,
wowo,Daakaka,wowo,adj1,,,,,,,,,,,,,
wu,Daakaka,wu,tam,,,,,,,,,,,,,
wu_1,Daakaka,wu,v.itr,,,,,,,,,,,,,
wua,Daakaka,wua,adj2,,,,,,,,,,,,,
wuk,Daakaka,wuk,contr.ptcl,,,,,,,,,,,,,
wulis,Daakaka,wulis,n,,,,,,,,,,,,,
wulyakate,Daakaka,wulyakate,v.tr,,,,,,,,,,,,,
wunane,Daakaka,wunane,v.tr,,,,,,,,,,,,,
wungmesye,Daakaka,wungmesye,n,,,,,,,,,,,,,
wuo,Daakaka,wuo,v.tr,,,,,,,,,,,,,
wuo_1,Daakaka,wuo,n,,,,,,,,,,,,,
wuo_2,Daakaka,wuo,n,,,,,,,,,,,,,
wuon,Daakaka,wuon,v.itr,,,,,,,,,,,,,
wuor,Daakaka,wuor,adj1,,,,,,,,,,,,,
wuorwuor,Daakaka,wuorwuor,n,,,,,,,,,,,,,
wuoswa,Daakaka,wuoswa,q,,,,,,,,,,,,,
wuovyor,Daakaka,wuovyor,n,,,,,,,,,,,,,
wuowuop,Daakaka,wuowuop,v.itr,,,,,,,,,,,,,
wuowuotevya,Daakaka,wuowuotevya,n,,,,,,,,,,,,,
wus,Daakaka,wus,n,,,,,,,,,,,,,
wusi,Daakaka,wusi,n,,,,,,,,,,,3,,
wusi_1,Daakaka,wusi,v.tr,,,,,,,,,,,,,
wuwu,Daakaka,wuwu,n,,,,,,,,,,,,,
wye,Daakaka,wye,n,,,,,,,,,,,2,,
y,Daakaka,y,n.rel.b,,,,,,,,,,,,,
y-,Daakaka,y-,prep,yok,yam,,yan,,,,,,,a,,
ya,Daakaka,ya,sbj.agr,,,,,,,,,,,,,
ya_1,Daakaka,ya,n,,,,,,,,,,,,,
ya_2,Daakaka,ya,n,,,,,,"this food is more for chewing than for swallowing; traditionally used as a source of nutrients in times of hardship, it is a popular snack today.",,,,,,,
ya_3,Daakaka,ya,v.itr,,,,,,,,,,,,,
ya_4,Daakaka,ya,intj,,,,,,,,,,,,,
-ya,Daakaka,-ya,poss.suf,,,,,,,,,,,,,
LX000089,Daakaka,ya bóó,NA,,,,,,,,,,,,,
ya_tin,Daakaka,ya tin,n,,,,,,,,,,,,,
yaa,Daakaka,yaa,adj,,,,,,,,,,,,,
yaa_1,Daakaka,yaa,v.itr,,,,,,,,,,,,,
yaa_2,Daakaka,yaa,n,,,,,,,,,,,,,
yaa_3,Daakaka,yaa,n,,,,,,,,,,,,,
yaa_4,Daakaka,yaa,v.itr,,,,,,,yuo,,,,,,
-yaa,Daakaka,-yaa,poss.suf,,,,,,,,,,,,,
yaapu,Daakaka,yaapu,n,,,,,,,,,,,,,
yaase,Daakaka,yaase,v.tr,,,,,,,kyervi,,,,,,
yaate,Daakaka,yaate,v.tr,,,,,,,,,,,,,
yaayaa,Daakaka,yaayaa,v.itr,,,,,,,,,,,,,
-yam,Daakaka,-yam,poss.suf,,,,,,,,,,,,,
yan,Daakaka,yan,prep,,,,,,,,,,,,,
-yan,Daakaka,-yan,poss.suf,,,,,,,,,,,,,
yang,Daakaka,yang,n,,,,,,,,,,,,,
yang_dawo,Daakaka,yang dawo,n,,,,,,,,,,,,,
LX000090,Daakaka,yang dawó,n,,,,,,,,,,,,,
yang_wuonwuon_1,Daakaka,yang wuonwuon,adj,,,,,,,,,,,,,
yang_wuonwuon_2,Daakaka,yang wuonwuon,n,,,,,,,,,,,,,
yangvene,Daakaka,yangvene,v.tr,,,,,,,,,,,,,
yangyang,Daakaka,yangyang,v.itr,,,,,,,,,,,,,
yap_1,Daakaka,yap,v,,,,,,,,,,,,,
LX000091,Daakaka,yap myató,n,,,,,,,,,,,,,
yapyap,Daakaka,yapyap,v.itr,,,,,,,,,,,,,
yas_1,Daakaka,yas,n.rel,,,,,,,,,,,,,
yas_2,Daakaka,yas,v.itr,,,,,,,,,,,,,
yas_3,Daakaka,yas,v.itr,,,,,,,,,,,,,
yas_4,Daakaka,yas,v.itr,,,,,,,,,,,,,
yas-,Daakaka,yas-,n.rel.b,yasek,yasem,,yasen,,,,,,,e,,
yas_bankyen,Daakaka,yas bankyen,n,,,,,,,,,,,,,
yas_teweli,Daakaka,yas teweli,n,,,,,,,,,,,,,
ye,Daakaka,ye,sbj.agr,,,,,,,,,,,,,
ye_1,Daakaka,ye,sbj.agr,,,,,,,,,,,,,
ye_2,Daakaka,ye,prep,,,,,,,,,,,,,
ye_3,Daakaka,ye,n.rel,,,,,,,,,,,,,
ye_4,Daakaka,ye,n.rel,,,,,,,,,,,,,
LX000092,Daakaka,ye evyó,n,,,,,,,,,,,,,
ye_vi,Daakaka,ye vi,NA,,,,,,,,,,,,,
ye_vis,Daakaka,ye vis,NA,,,,,,,,,,,,,
ye_wep,Daakaka,ye wep,n,,,,,,,,,,,,,
yeae,Daakaka,yeae,NA,,,,,,,ae,,,,,,
yeae_1,Daakaka,yeae,n,,,,,,,ae ; ae,,,,,,
yeave,Daakaka,yeave,NA,,,,,,,ave,,,,,,
yebii,Daakaka,yebii,NA,,,,,,,bii,,,,,,
yeli,Daakaka,yeli,n.rel,,,,,,,,,,,,,
yemining,Daakaka,yemining,n,,,,,,people used to carry it on a journey in order to dispel demons,,,,,,,
yen,Daakaka,yen,prep,,,,,,,,,,,,,
yene,Daakaka,yene,adv,,,,,,,,,,,,,
yes,Daakaka,yes,n,,,,,,,,,,,1,,
yes_1,Daakaka,yes,v,,,,,,,yaase,,,,,,
yesip,Daakaka,yesip,n,,,,,,,,,,,,,
yeskuon,Daakaka,yeskuon,n,,,,,,,,,,,,,
yestase,Daakaka,yestase,v.itr,,,,,,,,,,,,,
yesukuo,Daakaka,yesukuo,n,,,,,,,,,,,,,
yesyes,Daakaka,yesyes,v,,,,,,,,,,,,,
yevep,Daakaka,yevep,n,,,,,,,vep,,,,,,
yevyak,Daakaka,yevyak,n,,,,,,,,,,,,,
yevyo,Daakaka,yevyo,n,,,,,,,,,,,3,,
yeweka,Daakaka,yeweka,n,,,,,,,weka,,,,,,
yewilyar,Daakaka,yewilyar,n,,,,,,,,,,,,,
yewotopkee,Daakaka,yewotopkee,n,,,,,,,,,,,,,
yo,Daakaka,yo,v.itr,,,,,,,,,,,,,
yo_1,Daakaka,yo,adj1,,,,,,,,,,,,,
yoo,Daakaka,yoo,n,,,,,,,,,,,,,
yos,Daakaka,yos,v,,,,,,,,,,,,,
yosane,Daakaka,yosane,v.tr,,,,,,,,,,,,,
yoyo_doromo,Daakaka,yoyo doromo,v,,,,,,,,,,,,,
yu,Daakaka,yu,n.rel.b,,,,,,,,,,,,,
yu_1,Daakaka,yu,v.itr,,,,,,,,,,,,,
yu-,Daakaka,yu-,n.rel.b,luk,yuom,yuoyaa,yuon,,,,,,,"o, irregular",,
yuk,Daakaka,yuk,n,,,,,,This meal is prepared and served in the leaves of the heliconia plant.,,,,,,,
yuk_1,Daakaka,yuk,dem,,,,,,,,,,,,,
-yuk,Daakaka,-yuk,dem,,,,,,,,,,,,,
yung,Daakaka,yung,v.itr,,,,,,,,,,,,,
yungdaa,Daakaka,yungdaa,n,,,,,,,,,,,,,
yungdamyalis,Daakaka,yungdamyalis,n,,,,,,,,,,,,,
yungmarmar,Daakaka,yungmarmar,v.itr,,,,,,,-marmar,,,,,,
yungpan,Daakaka,yungpan,v.itr,,,,,,,,,,,,,
yungta,Daakaka,yungta,v,,,,,,,,,,,,,
yuo,Daakaka,yuo,n,,,,,,,,,,,,,
yuo_maru,Daakaka,yuo maru,NA,,,,,,,tap ; yaa,,,,,,
yuo_yaayaa,Daakaka,yuo yaayaa,n,,,,,,,,,,,,,
yuop,Daakaka,yuop,v.itr,,,,,,,,,,,,,
yurmiline,Daakaka,yurmiline,v.tr,,,,,,,,could be derived from nyur mwelili ne,,,,,
yusum,Daakaka,yusum,v,,,,,gene gyesan yan,,,Bislama,,,,,
LX000093,Daakaka,yóó,n,,,,,,,,,,,,,
LX000094,Daakaka,ó,n,,,,,,,,,,,,,
LX000095,Daakaka,ó duwuo,n,,,,,,,,,,,,,
LX000096,Daakaka,ó gaó,n,,,,,,,,,,,,,
LX000097,Daakaka,ó kaka,n,,,,,,,,,,,,,
LX000098,Daakaka,ó kontisye,n,,,,,,,,,,,,,
LX000099,Daakaka,ó ne tes,n,,,,,,,,,,,,,
LX000100,Daakaka,ó ngu,n,,,,,,,,,,,,,
LX000101,Daakaka,ó sungor,n,,,,,,,,,,,,,
LX000102,Daakaka,ó wawa,n,,,,,,,,,,,,,
LX000103,Daakaka,ó yaa,n,,,,,,,,,,,,,
LX000104,Daakaka,ó yuk webir,n,,,,,,,,,,,,,
LX000105,Daakaka,ól apyang,v,,,,,,,,,,,,,
LX000106,Daakaka,ómesyu,n,,,,,,,,,,,,,
LX000107,Daakaka,óp,n,,,,,,this peculiar feeling affects an entire community; visitors to sick persons are expected to leave the same day in order to save the patient from this feeling.,,,,,,,
LX000108,Daakaka,ós,n,,,,,,,,,,,1 ; 2,,
LX000109,Daakaka,óte,v,,,,,,,,,,,,,
LX000110,Daakaka,-éé,poss.suf,,,,,,,,,,,,,
LX000111,Daakaka,óó,n.rel.b,,,,,,,,,,,,,
